ad_id,campaign_id,fb_campaign_id,age,gender,interest1,interest2,interest3,Impressions,Clicks,Spend,Total_Conversion,Approved_Conversion,CTR %,CPC (Cost per Click),CPM,CPA(Cost per Acquisition,Conversion Rate (CVR %),ROI (%)
708746,916,103916,30-34,M,15,17,17,7350,1,1.429999948,2,1,0.013605442,1.429999948,0.194557816,1.429999948,100,6893.007247
708749,916,103917,30-34,M,16,19,21,17861,2,1.820000023,2,0,0.011197581,0.910000012,0.101897991,0,0,-100
708771,916,103920,30-34,M,20,25,22,693,0,0,1,0,0,0,0,0,0,0
708815,916,103928,30-34,M,28,32,32,4259,1,1.25,1,0,0.02347969,1.25,0.293496126,0,0,-100
708818,916,103928,30-34,M,28,33,32,4133,1,1.289999962,1,1,0.0241955,1.289999962,0.312121936,1.289999962,100,7651.938213
708820,916,103929,30-34,M,29,30,30,1915,0,0,1,1,0,0,0,0,0,0
708889,916,103940,30-34,M,15,16,17,15615,3,4.769999981,1,0,0.019212296,1.589999994,0.305475503,0,0,-100
708895,916,103941,30-34,M,16,20,18,10951,1,1.269999981,1,1,0.009131586,1.269999981,0.115971142,1.269999981,100,7774.015866
708953,916,103951,30-34,M,27,31,31,2355,1,1.5,1,0,0.042462845,1.5,0.636942675,0,0,-100
708958,916,103952,30-34,M,28,32,31,9502,3,3.159999967,1,0,0.031572301,1.053333322,0.332561563,0,0,-100
708979,916,103955,30-34,M,31,37,34,1224,0,0,1,0,0,0,0,0,0,0
709023,916,103962,30-34,M,7,8,8,735,0,0,1,0,0,0,0,0,0,0
709038,916,103965,30-34,M,16,20,22,5117,0,0,1,0,0,0,0,0,0,0
709040,916,103965,30-34,M,16,19,21,5120,0,0,1,0,0,0,0,0,0,0
709059,916,103968,30-34,M,20,26,23,14669,7,10.28000021,1,1,0.047719681,1.468571459,0.700797615,10.28000021,14.28571429,872.762626
709105,916,103976,30-34,M,28,30,32,1241,0,0,1,1,0,0,0,0,0,0
709115,916,103978,30-34,M,30,34,31,2305,1,0.569999993,1,0,0.043383948,0.569999993,0.2472885,0,0,-100
709124,916,103979,30-34,M,31,34,33,1024,0,0,1,1,0,0,0,0,0,0
709179,916,103988,35-39,M,15,16,17,4627,1,1.690000057,1,0,0.021612276,1.690000057,0.365247473,0,0,-100
709183,916,103989,35-39,M,16,20,22,21026,4,4.630000114,2,1,0.019024065,1.157500029,0.220203563,4.630000114,25,2059.827161
709320,916,104012,35-39,M,15,21,20,1422,0,0,1,1,0,0,0,0,0,0
709323,916,104012,35-39,M,15,17,19,7132,2,2.609999895,1,0,0.028042625,1.304999948,0.365956239,0,0,-100
709326,916,104013,35-39,M,16,22,22,12190,2,3.049999952,1,0,0.016406891,1.524999976,0.250205082,0,0,-100
709327,916,104013,35-39,M,16,22,20,12193,2,3.059999943,1,1,0.016402854,1.529999972,0.250963663,3.059999943,50,3167.973917
709328,916,104013,35-39,M,16,19,18,3332,0,0,1,1,0,0,0,0,0,0
709455,916,104034,35-39,M,7,12,10,559,0,0,1,0,0,0,0,0,0,0
709544,916,104049,35-39,M,29,33,32,7440,2,2.980000019,1,1,0.02688172,1.49000001,0.400537637,2.980000019,50,3255.704677
709614,916,104061,40-44,M,16,19,20,19113,4,5.5200001,1,0,0.020928164,1.380000025,0.288808669,0,0,-100
709756,916,104085,40-44,M,16,21,21,10976,2,1.690000057,1,1,0.018221574,0.845000029,0.153972308,1.690000057,50,5817.159564
709761,916,104085,40-44,M,16,19,20,2861,0,0,1,0,0,0,0,0,0,0
709899,916,104108,40-44,M,15,18,20,1398,0,0,1,1,0,0,0,0,0,0
709901,916,104109,40-44,M,16,18,20,23817,7,8.470000148,1,1,0.029390771,1.210000021,0.355628339,8.470000148,14.28571429,1080.637524
710045,916,104133,45-49,M,16,22,17,47224,12,15.82000017,1,0,0.025410808,1.318333348,0.334999157,0,0,-100
710088,916,104140,45-49,M,24,26,27,2283,1,1.470000029,1,0,0.043802015,1.470000029,0.643889632,0,0,-100
710360,916,104185,45-49,M,21,26,24,2182,1,1.529999971,1,1,0.045829514,1.529999971,0.701191554,1.529999971,100,6435.947836
710477,916,104205,30-34,F,16,19,19,2654,0,0,1,1,0,0,0,0,0,0
710480,916,104205,30-34,F,16,21,20,57665,14,18.06999969,1,1,0.024278158,1.290714264,0.313361652,18.06999969,7.142857143,453.4034406
710571,916,104220,30-34,F,32,37,38,3091,1,1.610000014,1,1,0.03235199,1.610000014,0.520867038,1.610000014,100,6111.18007
710617,916,104228,30-34,F,15,19,16,5014,1,1.190000057,1,0,0.019944156,1.190000057,0.237335472,0,0,-100
710623,916,104229,30-34,F,16,19,20,38726,7,9.220000267,1,0,0.018075711,1.317142895,0.238082949,0,0,-100
710628,916,104230,30-34,F,18,24,22,1473,0,0,1,0,0,0,0,0,0,0
710682,916,104239,30-34,F,27,33,32,1186,0,0,1,0,0,0,0,0,0,0
710763,916,104252,30-34,F,15,19,17,5369,1,1.50999999,1,0,0.018625442,1.50999999,0.281244178,0,0,-100
710836,916,104265,30-34,F,29,33,31,22221,7,9.430000067,1,1,0.031501733,1.347142867,0.424373344,9.430000067,14.28571429,960.4453795
710867,916,104270,30-34,F,63,64,68,1185,0,0,1,0,0,0,0,0,0,0
710880,916,104272,30-34,F,65,70,68,13019,5,6.960000038,1,0,0.038405407,1.392000008,0.534603275,0,0,-100
710961,916,104285,35-39,F,25,29,26,2508,1,1.220000029,1,0,0.039872408,1.220000029,0.486443393,0,0,-100
710968,916,104287,35-39,F,27,31,29,5864,2,2.799999952,1,1,0.034106412,1.399999976,0.47748976,2.799999952,50,3471.428633
711217,916,104328,35-39,F,20,26,23,2783,1,1.600000024,1,0,0.035932447,1.600000024,0.574919161,0,0,-100
711623,916,104396,40-44,F,15,18,20,3812,1,1.129999995,2,1,0.026232949,1.129999995,0.296432318,1.129999995,100,8749.557561
711764,916,104419,45-49,F,10,16,11,11199,4,5.730000019,1,1,0.035717475,1.432500005,0.511652828,5.730000019,25,1645.200692
711785,916,104423,45-49,F,19,25,23,292,0,0,1,0,0,0,0,0,0,0
711877,916,104438,45-49,F,63,67,65,17572,7,9.379999995,1,0,0.039836103,1.339999999,0.533803778,0,0,-100
712052,916,104467,45-49,F,10,13,11,1448,0,0,1,1,0,0,0,0,0,0
734209,936,108654,30-34,M,10,16,14,1772,0,0,1,1,0,0,0,0,0,0
734210,936,108654,30-34,M,10,16,13,13329,4,5.629999995,1,1,0.030009753,1.407499999,0.422387275,5.629999995,25,1676.198936
734215,936,108655,30-34,M,15,19,17,13659,3,3.840000033,1,0,0.021963541,1.280000011,0.281133321,0,0,-100
734243,936,108660,30-34,M,21,23,24,739,0,0,1,1,0,0,0,0,0,0
734266,936,108664,30-34,M,25,30,27,605,0,0,1,0,0,0,0,0,0,0
734272,936,108665,30-34,M,26,32,29,1030,0,0,1,0,0,0,0,0,0,0
734290,936,108668,30-34,M,29,32,35,5374,1,1.039999962,4,0,0.018608113,1.039999962,0.19352437,0,0,-100
734313,936,108672,30-34,M,36,38,38,790,0,0,1,1,0,0,0,0,0,0
734314,936,108672,30-34,M,36,38,38,962,0,0,1,0,0,0,0,0,0,0
734352,936,108678,35-39,M,10,11,16,4423,1,1.460000038,1,1,0.022609089,1.460000038,0.330092706,1.460000038,100,6749.31489
734361,936,108680,35-39,M,16,19,19,12382,2,2.839999914,1,1,0.016152479,1.419999957,0.229365201,2.839999914,50,3421.126867
734381,936,108683,35-39,M,20,25,24,2938,1,1.350000024,1,1,0.03403676,1.350000024,0.459496264,1.350000024,100,7307.407276
734399,936,108686,35-39,M,23,24,27,239,0,0,1,0,0,0,0,0,0,0
734418,936,108689,35-39,M,26,27,28,591,0,0,1,0,0,0,0,0,0,0
734421,936,108690,35-39,M,27,29,32,10332,4,5.75,1,0,0.038714673,1.4375,0.556523422,0,0,-100
734427,936,108691,35-39,M,28,29,31,8259,3,3.980000019,1,0,0.03632401,1.326666673,0.481898537,0,0,-100
734433,936,108692,35-39,M,29,35,31,12158,3,4.449999928,1,0,0.024675111,1.483333309,0.366014141,0,0,-100
734582,936,108716,40-44,M,29,33,33,7709,2,1.320000052,2,0,0.025943702,0.660000026,0.171228441,0,0,-100
734605,936,108720,40-44,M,36,37,41,834,0,0,1,0,0,0,0,0,0,0
734660,936,108729,45-49,M,18,22,23,1299,0,0,2,0,0,0,0,0,0,0
734666,936,108730,45-49,M,19,24,20,371,0,0,1,0,0,0,0,0,0,0
734726,936,108740,45-49,M,29,30,35,10466,3,4.090000033,1,0,0.028664246,1.363333344,0.390789225,0,0,-100
734737,936,108742,45-49,M,31,37,33,839,0,0,1,0,0,0,0,0,0,0
734785,936,108750,30-34,F,10,13,13,5576,1,1.529999971,1,1,0.017934003,1.529999971,0.274390239,1.529999971,100,6435.947836
734794,936,108752,30-34,F,16,19,17,4010,0,0,1,0,0,0,0,0,0,0
734796,936,108752,30-34,F,16,22,17,39337,7,10.03000009,1,1,0.017794951,1.432857156,0.254976233,10.03000009,14.28571429,897.0089641
734800,936,108753,30-34,F,18,20,20,1635,0,0,1,0,0,0,0,0,0,0
734803,936,108753,30-34,F,18,19,21,1631,0,0,1,0,0,0,0,0,0,0
734852,936,108761,30-34,F,26,30,29,13479,3,4.25,1,0,0.022256844,1.416666667,0.31530529,0,0,-100
734854,936,108762,30-34,F,27,33,32,57022,13,20.29000032,3,3,0.022798218,1.560769255,0.355827581,6.76333344,23.07692308,1378.560844
734856,936,108762,30-34,F,27,28,32,5453,1,1.389999986,1,1,0.018338529,1.389999986,0.254905554,1.389999986,100,7094.244677
734866,936,108764,30-34,F,29,32,31,11803,3,4.440000057,1,0,0.025417267,1.480000019,0.376175553,0,0,-100
734881,936,108766,30-34,F,31,32,34,4259,1,1.570000052,1,1,0.02347969,1.570000052,0.368631146,1.570000052,100,6269.426541
734901,936,108770,30-34,F,64,70,68,1554,0,0,1,0,0,0,0,0,0,0
734903,936,108770,30-34,F,64,69,67,5323,1,1.289999962,1,1,0.018786399,1.289999962,0.242344535,1.289999962,100,7651.938213
734925,936,108774,35-39,F,10,11,12,5024,1,1.409999967,1,1,0.019904459,1.409999967,0.28065286,1.409999967,100,6992.198748
734939,936,108776,35-39,F,16,19,22,104648,24,33.33000004,4,2,0.022934026,1.388750002,0.318496293,16.66500002,8.333333333,500.0600053
734968,936,108781,35-39,F,22,25,27,8504,3,3.340000093,1,1,0.035277516,1.113333364,0.392756361,3.340000093,33.33333333,2894.011893
734999,936,108786,35-39,F,27,32,32,20277,6,8.050000072,1,0,0.029590176,1.341666679,0.397001532,0,0,-100
735014,936,108788,35-39,F,29,34,30,12403,4,5.210000038,1,1,0.032250262,1.30250001,0.420059666,5.210000038,25,1819.385783
735032,936,108791,35-39,F,32,33,34,498,0,0,1,1,0,0,0,0,0,0
735033,936,108792,35-39,F,36,40,40,652,0,0,0,0,0,0,0,0,0,0
735043,936,108793,35-39,F,63,65,69,1357,0,0,1,1,0,0,0,0,0,0
735048,936,108794,35-39,F,64,65,68,1393,0,0,1,0,0,0,0,0,0,0
735065,936,108797,40-44,F,7,10,12,648,0,0,1,0,0,0,0,0,0,0
735109,936,108804,40-44,F,21,26,25,708,0,0,1,1,0,0,0,0,0,0
735140,936,108809,40-44,F,26,27,31,6907,2,2.349999964,1,0,0.028956131,1.174999982,0.340234539,0,0,-100
735143,936,108810,40-44,F,27,28,30,39035,13,19.32999957,1,0,0.033303446,1.486923044,0.495196607,0,0,-100
735151,936,108811,40-44,F,28,30,31,926,0,0,1,0,0,0,0,0,0,0
735184,936,108817,40-44,F,63,66,67,4412,1,1.450000048,1,0,0.022665458,1.450000048,0.32864915,0,0,-100
735189,936,108818,40-44,F,64,65,66,9965,3,4.050000072,1,0,0.030105369,1.350000024,0.406422486,0,0,-100
735213,936,108822,45-49,F,10,16,11,73634,23,32.97999978,1,0,0.031235571,1.433913034,0.447890917,0,0,-100
735220,936,108823,45-49,F,15,17,17,69708,20,31.28999949,1,0,0.028691111,1.564499975,0.448872432,0,0,-100
735242,936,108826,45-49,F,19,25,21,530,0,0,1,0,0,0,0,0,0,0
735247,936,108827,45-49,F,20,24,25,14257,6,8.789999962,1,0,0.04208459,1.464999994,0.616539241,0,0,-100
735289,936,108834,45-49,F,27,30,30,20362,5,9.119999886,1,1,0.024555545,1.823999977,0.447893129,9.119999886,20,996.4912418
735290,936,108834,45-49,F,27,29,33,12215,4,6.26000011,1,0,0.032746623,1.565000028,0.512484659,0,0,-100
735298,936,108836,45-49,F,29,31,32,85412,28,38.63999999,2,1,0.032782279,1.38,0.452395448,38.63999999,3.571428571,158.7991719
736869,936,109448,30-34,M,2,6,8,2338,1,0.239999995,1,0,0.0427716,0.239999995,0.102651837,0,0,-100
736890,936,109451,30-34,M,15,16,20,2522,0,0,1,0,0,0,0,0,0,0
736893,936,109452,30-34,M,16,17,17,3587,0,0,1,0,0,0,0,0,0,0
736977,936,109470,30-34,M,27,30,28,1273,0,0,1,0,0,0,0,0,0,0
736988,936,109472,30-34,M,28,29,29,3891,1,1.090000033,1,0,0.025700334,1.090000033,0.28013365,0,0,-100
736995,936,109473,30-34,M,29,34,34,1888,0,0,1,0,0,0,0,0,0,0
736997,936,109473,30-34,M,29,32,33,1895,0,0,1,0,0,0,0,0,0,0
737097,936,109498,35-39,M,7,10,11,715,0,0,1,0,0,0,0,0,0,0
737130,936,109507,35-39,M,16,19,18,11199,2,2.680000067,1,0,0.017858737,1.340000034,0.239307087,0,0,-100
737320,936,109553,35-39,M,63,64,66,5676,2,3.00999999,1,0,0.035236082,1.504999995,0.530303029,0,0,-100
737375,936,109565,40-44,M,10,11,11,1415,0,0,1,0,0,0,0,0,0,0
737524,936,109601,40-44,M,30,34,33,2148,1,1.580000043,1,1,0.046554935,1.580000043,0.73556799,1.580000043,100,6229.113752
737644,936,109629,45-49,M,16,22,17,45401,10,14.06000042,1,0,0.022025947,1.406000042,0.309684818,0,0,-100
737657,936,109633,45-49,M,18,23,20,7478,2,2.900000095,1,1,0.026745119,1.450000048,0.387804238,2.900000095,50,3348.275749
737658,936,109633,45-49,M,18,19,24,4919,1,1.590000033,1,0,0.020329335,1.590000033,0.323236437,0,0,-100
737674,936,109637,45-49,M,20,21,24,533,0,0,1,1,0,0,0,0,0,0
737766,936,109659,45-49,M,29,33,33,1447,0,0,1,1,0,0,0,0,0,0
737896,936,109689,30-34,F,16,21,22,17553,3,4.590000153,1,0,0.017091096,1.530000051,0.26149377,0,0,-100
737931,936,109698,30-34,F,20,26,24,3343,1,0.540000021,1,0,0.029913252,0.540000021,0.161531565,0,0,-100
737961,936,109706,30-34,F,23,29,28,523,0,0,1,0,0,0,0,0,0,0
737995,936,109714,30-34,F,26,27,31,1873,0,0,1,0,0,0,0,0,0,0
738006,936,109717,30-34,F,27,29,32,34740,7,13.41000009,1,1,0.020149683,1.915714299,0.386010365,13.41000009,14.28571429,645.7121501
738067,936,109731,30-34,F,32,37,36,658,0,0,1,0,0,0,0,0,0,0
738098,936,109738,30-34,F,64,70,68,1539,0,0,1,0,0,0,0,0,0,0
738307,936,109788,35-39,F,31,36,36,3010,1,0.860000014,1,1,0.033222591,0.860000014,0.28571429,0.860000014,100,11527.90679
738389,936,109808,40-44,F,10,16,12,27081,9,10.77000046,1,1,0.033233632,1.196666718,0.397695818,10.77000046,11.11111111,828.5050671
738408,936,109813,40-44,F,16,22,22,20233,4,5.590000153,3,0,0.019769683,1.397500038,0.27628133,0,0,-100
738413,936,109813,40-44,F,16,17,19,147159,36,58.16000044,3,1,0.024463336,1.615555568,0.39521878,58.16000044,2.777777778,71.939476
738423,936,109816,40-44,F,18,20,24,21664,7,10.61999977,1,1,0.032311669,1.517142824,0.49021417,10.61999977,14.28571429,841.6196061
738436,936,109820,40-44,F,19,21,20,9112,4,5.460000038,1,1,0.043898156,1.36500001,0.599209837,5.460000038,25,1731.501819
738463,936,109826,40-44,F,21,23,24,542,0,0,1,0,0,0,0,0,0,0
738528,936,109839,40-44,F,30,34,33,402,0,0,1,1,0,0,0,0,0,0
738560,936,109844,40-44,F,64,70,66,1338,0,0,1,0,0,0,0,0,0,0
738582,936,109848,45-49,F,10,16,12,46150,15,20.17999983,1,1,0.032502709,1.345333322,0.437269769,20.17999983,6.666666667,395.5401429
738592,936,109850,45-49,F,16,22,20,493821,116,176.3799977,4,1,0.023490293,1.520517222,0.357173951,176.3799977,0.862068966,-43.30422877
738593,936,109850,45-49,F,16,17,21,92011,27,34.39000046,2,1,0.029344318,1.273703721,0.373759664,34.39000046,3.703703704,190.7822002
738598,936,109851,45-49,F,18,23,24,12956,4,5.49000001,1,1,0.030873726,1.372500003,0.423741896,5.49000001,25,1721.493621
738606,936,109852,45-49,F,19,20,23,529,0,0,1,0,0,0,0,0,0,0
738637,936,109857,45-49,F,24,26,30,944,1,1.419999957,1,0,0.105932203,1.419999957,1.504237243,0,0,-100
738648,936,109859,45-49,F,26,30,27,111090,38,51.97000027,5,1,0.034206499,1.367631586,0.467818888,51.97000027,2.631578947,92.4187021
747212,936,110836,30-34,M,10,16,14,7208,2,3.190000057,1,0,0.027746948,1.595000029,0.442563826,0,0,-100
747213,936,110836,30-34,M,10,12,11,1746,0,0,1,0,0,0,0,0,0,0
747220,936,110837,30-34,M,15,17,16,2474,0,0,2,2,0,0,0,0,0,0
747222,936,110838,30-34,M,16,22,20,12489,2,1.960000038,1,0,0.016014092,0.980000019,0.156938109,0,0,-100
747223,936,110838,30-34,M,16,18,18,8032,1,0.600000024,2,0,0.012450199,0.600000024,0.074701198,0,0,-100
747248,936,110842,30-34,M,21,24,24,472,0,0,1,1,0,0,0,0,0,0
747332,936,110856,30-34,M,64,68,65,792,0,0,1,1,0,0,0,0,0,0
747362,936,110861,35-39,M,15,16,18,4607,1,1.149999976,1,1,0.021706099,1.149999976,0.249620138,1.149999976,100,8595.652355
747369,936,110862,35-39,M,16,17,21,13355,2,3.180000067,1,1,0.014975665,1.590000034,0.238113071,3.180000067,50,3044.654022
747370,936,110862,35-39,M,16,17,19,2936,0,0,1,0,0,0,0,0,0,0
747401,936,110867,35-39,M,22,25,25,2793,1,0.980000019,1,1,0.035803795,0.980000019,0.3508772,0.980000019,100,10104.08143
747435,936,110873,35-39,M,28,29,30,1032,0,0,1,0,0,0,0,0,0,0
747439,936,110874,35-39,M,29,35,33,1662,0,0,1,1,0,0,0,0,0,0
747489,936,110882,40-44,M,2,7,6,4016,2,1.480000049,1,1,0.049800797,0.740000025,0.368525909,1.480000049,50,6656.756533
747514,936,110886,40-44,M,16,20,17,14843,3,2.939999938,1,1,0.020211548,0.979999979,0.198073162,2.939999938,33.33333333,3301.360616
747645,936,110908,45-49,M,10,14,13,9674,3,4.600000024,1,1,0.031010957,1.533333341,0.475501346,4.600000024,33.33333333,2073.913032
747659,936,110910,45-49,M,16,21,17,12186,2,2.669999957,1,0,0.016412276,1.334999979,0.219103886,0,0,-100
747675,936,110913,45-49,M,20,22,21,673,0,0,1,0,0,0,0,0,0,0
747678,936,110914,45-49,M,21,27,23,370,0,0,1,1,0,0,0,0,0,0
747712,936,110919,45-49,M,26,30,29,450,0,0,1,1,0,0,0,0,0,0
747790,936,110932,30-34,F,10,12,14,2077,0,0,1,1,0,0,0,0,0,0
747791,936,110932,30-34,F,10,14,13,31393,8,10.96000051,1,1,0.025483388,1.370000064,0.349122432,10.96000051,12.5,812.4087167
747795,936,110933,30-34,F,15,21,18,8410,2,2.359999895,1,1,0.023781213,1.179999948,0.280618299,2.359999895,50,4137.288324
747798,936,110934,30-34,F,16,21,20,25884,5,7.350000143,1,0,0.019316953,1.470000029,0.283959208,0,0,-100
747824,936,110938,30-34,F,21,24,23,608,0,0,1,1,0,0,0,0,0,0
747828,936,110939,30-34,F,22,24,24,28488,10,9.340000033,1,0,0.035102499,0.934000003,0.327857345,0,0,-100
747852,936,110943,30-34,F,26,32,32,10126,3,4.619999886,1,0,0.029626704,1.539999962,0.456251223,0,0,-100
747859,936,110944,30-34,F,27,32,33,22572,5,8.5,1,0,0.022151338,1.7,0.376572745,0,0,-100
747863,936,110944,30-34,F,27,30,33,1955,0,0,1,1,0,0,0,0,0,0
747879,936,110947,30-34,F,30,36,31,493,0,0,1,0,0,0,0,0,0,0
747903,936,110951,30-34,F,63,69,69,1491,0,0,1,1,0,0,0,0,0,0
747911,936,110952,30-34,F,64,66,66,1495,0,0,1,1,0,0,0,0,0,0
747968,936,110962,35-39,F,21,27,24,512,0,0,0,0,0,0,0,0,0,0
747991,936,110966,35-39,F,25,31,27,4868,2,2.420000076,1,0,0.041084634,1.210000038,0.497124091,0,0,-100
748000,936,110967,35-39,F,26,27,32,6585,2,2.950000048,1,0,0.030372058,1.475000024,0.447987858,0,0,-100
748007,936,110968,35-39,F,27,29,28,10164,2,3.720000029,1,1,0.019677292,1.860000015,0.365997642,3.720000029,50,2588.172022
748014,936,110970,35-39,F,29,31,35,11182,4,4.449999809,1,0,0.035771776,1.112499952,0.397960992,0,0,-100
748045,936,110975,35-39,F,63,69,64,1238,0,0,1,0,0,0,0,0,0,0
748086,936,110982,40-44,F,16,19,18,34127,8,13.07000017,1,0,0.02344185,1.633750021,0.382981222,0,0,-100
748087,936,110982,40-44,F,16,22,19,29466,7,10.84999967,2,0,0.023756194,1.549999953,0.368220989,0,0,-100
748089,936,110982,40-44,F,16,18,21,38759,9,10.84999967,1,0,0.023220413,1.205555519,0.279934974,0,0,-100
748091,936,110982,40-44,F,16,17,19,41720,10,12.06000006,1,1,0.023969319,1.206000006,0.289069992,12.06000006,10,729.1873922
748225,936,111005,45-49,F,15,16,17,18602,5,8.860000134,1,0,0.02687883,1.772000027,0.476292879,0,0,-100
748230,936,111006,45-49,F,16,17,20,83929,21,27.72999954,4,1,0.025021149,1.320476169,0.330398307,27.72999954,4.761904762,260.6202728
748231,936,111006,45-49,F,16,18,21,25194,6,7.349999905,1,0,0.023815194,1.224999984,0.291736124,0,0,-100
748233,936,111006,45-49,F,16,22,18,78627,19,26.53000045,1,0,0.024164727,1.396315813,0.337415906,0,0,-100
748235,936,111006,45-49,F,16,18,19,102695,25,39.42999983,3,0,0.024343931,1.577199993,0.383952479,0,0,-100
748294,936,111016,45-49,F,27,32,31,82827,24,47.93000031,3,0,0.028976059,1.997083346,0.578676039,0,0,-100
748295,936,111016,45-49,F,27,31,32,9240,3,6.039999962,1,0,0.032467532,2.013333321,0.65367965,0,0,-100
748303,936,111018,45-49,F,29,32,33,7706,2,2.369999886,1,0,0.025953802,1.184999943,0.307552542,0,0,-100
748314,936,111020,45-49,F,31,34,32,7821,4,6.340000153,1,1,0.051144355,1.585000038,0.810638045,6.340000153,25,1477.287028
748341,936,111024,45-49,F,64,67,68,1363,0,0,1,1,0,0,0,0,0,0
776318,936,115484,45-49,F,15,16,19,3569,0,0,1,1,0,0,0,0,0,0
776322,936,115485,45-49,F,16,21,20,119063,34,53.21999949,1,0,0.028556311,1.565294103,0.446990245,0,0,-100
776323,936,115485,45-49,F,16,17,18,99078,23,35.79999948,2,0,0.023214033,1.556521717,0.361331471,0,0,-100
776325,936,115485,45-49,F,16,19,20,452398,114,180.2200012,1,0,0.02519905,1.580877204,0.398366043,0,0,-100
776334,936,115487,45-49,F,10,12,16,191223,48,76.41000056,1,0,0.025101583,1.591875012,0.399585827,0,0,-100
776336,936,115487,45-49,F,10,15,14,22216,6,9.549999952,1,0,0.027007562,1.591666659,0.429870362,0,0,-100
776338,936,115487,45-49,F,10,12,11,48291,11,18.01999998,1,0,0.022778572,1.638181816,0.373154418,0,0,-100
776353,936,115490,40-44,F,63,66,67,27559,8,13.37,1,0,0.029028629,1.67125,0.48514097,0,0,-100
776373,936,115493,45-49,F,25,27,27,10194,4,4.590000033,2,1,0.039238768,1.147500008,0.450264865,4.590000033,25,2078.649222
776383,936,115495,45-49,F,23,27,29,1168,0,0,1,1,0,0,0,0,0,0
776405,936,115498,45-49,F,21,25,22,40126,16,25.86000001,1,0,0.039874396,1.616250001,0.64446992,0,0,-100
776416,936,115500,45-49,F,19,22,20,3659,1,0.49000001,1,1,0.027329872,0.49000001,0.133916373,0.49000001,100,20308.16285
776430,936,115503,30-34,M,10,14,16,3200,0,0,1,0,0,0,0,0,0,0
776464,936,115508,45-49,F,29,30,31,7550,1,1.679999948,1,1,0.013245033,1.679999948,0.222516549,1.679999948,100,5852.381137
776469,936,115509,45-49,F,28,33,29,45397,15,25.41999936,1,1,0.033041831,1.694666624,0.559948881,25.41999936,6.666666667,293.3910406
776473,936,115510,30-34,M,16,22,22,23086,2,3.310000062,1,1,0.008663259,1.655000031,0.143376941,3.310000062,50,2921.14798
776475,936,115510,30-34,M,16,21,20,16425,1,1.549999952,1,0,0.00608828,1.549999952,0.094368338,0,0,-100
776476,936,115510,30-34,M,16,17,18,43756,5,5.439999938,0,0,0.011427004,1.087999988,0.124325805,0,0,-100
776477,936,115510,30-34,M,16,22,17,9982,0,0,1,0,0,0,0,0,0,0
776489,936,115512,45-49,F,26,31,28,175389,55,81.60999787,1,0,0.031358865,1.483818143,0.465308531,0,0,-100
776494,936,115513,30-34,M,15,16,16,7015,0,0,1,0,0,0,0,0,0,0
776515,936,115517,45-49,F,65,68,68,12706,3,4.98999989,1,1,0.023610892,1.663333297,0.392727836,4.98999989,33.33333333,1904.00806
776519,936,115517,45-49,F,65,71,67,70702,20,31.7099998,1,0,0.028287743,1.58549999,0.448502161,0,0,-100
776533,936,115520,45-49,F,63,64,68,63927,16,25.52000046,2,0,0.025028548,1.595000029,0.399205351,0,0,-100
776534,936,115520,45-49,F,63,69,67,15105,3,4.25999999,1,0,0.019860973,1.419999997,0.282025819,0,0,-100
776538,936,115521,30-34,F,15,16,19,8774,1,1.830000043,1,0,0.01139731,1.830000043,0.208570782,0,0,-100
776551,936,115523,30-34,F,16,18,22,14459,1,1.389999986,1,0,0.006916108,1.389999986,0.096133895,0,0,-100
776552,936,115523,30-34,F,16,17,18,21596,2,2.809999943,1,0,0.009260974,1.404999972,0.130116686,0,0,-100
776553,936,115523,30-34,F,16,21,17,66765,8,11.04999971,1,0,0.011982326,1.381249964,0.165505874,0,0,-100
776563,936,115525,30-34,F,7,9,13,1369,0,0,1,1,0,0,0,0,0,0
776579,936,115527,30-34,F,10,13,14,26910,5,7.229999781,1,0,0.018580453,1.445999956,0.268673347,0,0,-100
776603,936,115531,30-34,F,2,3,6,506,0,0,1,0,0,0,0,0,0,0
776615,936,115533,45-49,M,63,66,68,11988,3,4.269999862,1,0,0.025025025,1.423333287,0.356189511,0,0,-100
776623,936,115535,45-49,M,64,69,65,19353,6,9.4799999,1,1,0.031002945,1.579999983,0.48984653,9.4799999,16.66666667,954.8523318
776631,936,115536,40-44,M,29,35,33,10960,2,2.890000105,1,0,0.018248175,1.445000053,0.263686141,0,0,-100
776643,936,115538,30-34,M,15,18,18,33491,6,10.56999969,2,1,0.017915261,1.761666615,0.315607169,10.56999969,16.66666667,846.0738215
776644,936,115538,30-34,M,15,21,20,20083,2,3.200000048,2,1,0.009958672,1.600000024,0.159338747,3.200000048,50,3024.999953
776659,936,115541,30-34,M,16,19,22,8817,0,0,1,1,0,0,0,0,0,0
776661,936,115541,30-34,M,16,18,22,15466,1,0.970000029,1,0,0.006465796,0.970000029,0.062718222,0,0,-100
776662,936,115541,30-34,M,16,18,22,27072,3,4.370000005,1,0,0.01108156,1.456666668,0.161421395,0,0,-100
776663,936,115541,30-34,M,16,19,22,15753,1,0.569999993,1,1,0.006347997,0.569999993,0.036183584,0.569999993,100,17443.85986
776668,936,115542,40-44,M,19,21,24,3523,1,1.809999943,1,1,0.028384899,1.809999943,0.51376666,1.809999943,100,5424.862052
776685,936,115545,40-44,M,16,22,17,7745,0,0,1,0,0,0,0,0,0,0
776686,936,115545,40-44,M,16,17,21,18709,2,3.319999933,1,0,0.010690042,1.659999967,0.177454697,0,0,-100
776687,936,115545,40-44,M,16,20,20,8022,0,0,2,1,0,0,0,0,0,0
776696,936,115547,30-34,M,10,11,12,7966,1,1.179999948,1,1,0.012553352,1.179999948,0.148129544,1.179999948,100,8374.576645
776697,936,115547,30-34,M,10,14,13,4132,0,0,1,1,0,0,0,0,0,0
776698,936,115547,30-34,M,10,14,16,12785,3,4.730000019,2,1,0.023464998,1.576666673,0.369964804,4.730000019,33.33333333,2014.164896
776699,936,115547,30-34,M,10,16,16,8213,1,1.379999995,1,1,0.012175819,1.379999995,0.168026299,1.379999995,100,7146.376838
776722,936,115551,30-34,M,2,4,7,545,0,0,1,1,0,0,0,0,0,0
776725,936,115552,40-44,M,23,26,27,2479,1,1.25999999,1,0,0.040338846,1.25999999,0.508269459,0,0,-100
776780,936,115561,40-44,M,2,4,3,3812,2,3.049999952,1,0,0.052465897,1.524999976,0.800104919,0,0,-100
776793,936,115563,45-49,M,21,23,26,1609,0,0,1,0,0,0,0,0,0,0
776799,936,115564,45-49,M,20,22,26,10257,3,3.579999924,1,1,0.029248318,1.193333308,0.349029923,3.579999924,33.33333333,2693.296149
776817,936,115567,40-44,M,10,14,16,12356,4,6.279999971,1,0,0.032372936,1.569999993,0.508255096,0,0,-100
776825,936,115568,45-49,M,18,23,20,7410,1,1.210000038,1,0,0.013495277,1.210000038,0.163292853,0,0,-100
776829,936,115569,45-49,M,16,20,19,140098,28,46.63000011,1,0,0.01998601,1.665357147,0.332838442,0,0,-100
776831,936,115569,45-49,M,16,18,20,107021,20,34.44000012,1,0,0.018687921,1.722000006,0.321806002,0,0,-100
776840,936,115571,35-39,M,36,38,40,2797,1,1.289999962,1,0,0.035752592,1.289999962,0.461208424,0,0,-100
776861,936,115574,45-49,M,7,9,12,16461,6,9.21999979,1,0,0.03644979,1.536666632,0.560111767,0,0,-100
776892,936,115580,40-44,M,63,66,69,17488,5,7.719999909,1,0,0.028591034,1.543999982,0.441445557,0,0,-100
776928,936,115586,35-39,M,10,11,15,9750,2,1.5,1,1,0.020512821,0.75,0.153846154,1.5,50,6566.666667
776935,936,115587,45-49,M,36,41,38,1136,0,0,1,1,0,0,0,0,0,0
777105,936,115615,45-49,M,63,67,67,4333,1,0.180000007,1,1,0.023078698,0.180000007,0.041541659,0.180000007,100,55455.5534
777130,936,115619,35-39,M,16,21,22,6260,0,0,1,0,0,0,0,0,0,0
777131,936,115619,35-39,M,16,19,21,6359,0,0,1,0,0,0,0,0,0,0
777166,936,115625,30-34,M,63,69,65,2383,0,0,1,1,0,0,0,0,0,0
777187,936,115629,40-44,M,27,31,28,11292,3,5.389999866,1,1,0.026567481,1.796666622,0.477329071,5.389999866,33.33333333,1755.287616
777198,936,115631,30-34,M,64,70,69,12729,4,5.779999852,1,0,0.031424307,1.444999963,0.45408122,0,0,-100
777200,936,115631,30-34,M,64,69,70,1898,0,0,1,1,0,0,0,0,0,0
777201,936,115631,30-34,M,64,69,65,1882,0,0,1,1,0,0,0,0,0,0
777235,936,115637,30-34,M,65,66,67,2883,1,0.99000001,1,1,0.034686091,0.99000001,0.343392303,0.99000001,100,10001.01
777248,936,115639,30-34,F,7,9,10,3989,1,1.279999971,1,0,0.02506894,1.279999971,0.320882419,0,0,-100
777261,936,115641,40-44,M,29,31,34,19603,4,5.279999971,1,1,0.02040504,1.319999993,0.269346527,5.279999971,25,1793.939404
777382,936,115675,40-44,M,24,26,27,3047,1,1.379999995,1,0,0.032819166,1.379999995,0.452904495,0,0,-100
777398,936,115677,35-39,M,24,27,30,3029,1,1.049999952,1,1,0.033014196,1.049999952,0.346649043,1.049999952,100,9423.809959
777410,936,115679,45-49,M,26,29,28,3490,1,1.340000033,1,1,0.028653295,1.340000033,0.383954164,1.340000033,100,7362.686383
777482,936,115691,45-49,M,28,32,32,2479,0,0,1,0,0,0,0,0,0,0
777495,936,115693,40-44,M,19,25,25,19581,7,10.42999983,2,0,0.03574894,1.489999976,0.532659202,0,0,-100
777519,936,115697,45-49,M,29,34,32,19537,5,6.099999905,1,0,0.025592466,1.219999981,0.312228075,0,0,-100
777625,936,115715,45-49,M,16,17,19,59433,12,19.65999949,3,0,0.020190803,1.638333291,0.330792649,0,0,-100
777627,936,115715,45-49,M,16,17,19,157534,33,56.19000077,2,0,0.020947859,1.702727296,0.356684911,0,0,-100
777638,936,115717,40-44,M,7,10,12,1781,0,0,1,1,0,0,0,0,0,0
777670,936,115723,40-44,M,16,19,19,23769,4,6.029999852,1,0,0.016828642,1.507499963,0.253691777,0,0,-100
777673,936,115723,40-44,M,16,18,17,7101,0,0,1,0,0,0,0,0,0,0
777742,936,115735,35-39,M,64,69,68,4726,1,1.830000043,1,1,0.021159543,1.830000043,0.387219645,1.830000043,100,5364.480746
777758,936,115737,30-34,M,19,20,20,5209,1,0.959999979,2,0,0.019197543,0.959999979,0.184296406,0,0,-100
777794,936,115743,30-34,M,18,23,24,13473,3,2.619999945,3,0,0.022266756,0.873333315,0.194462996,0,0,-100
777816,936,115747,40-44,M,2,7,7,500,0,0,1,1,0,0,0,0,0,0
777871,936,115756,30-34,M,20,26,23,4616,1,1.360000014,1,0,0.021663778,1.360000014,0.294627386,0,0,-100
777904,936,115762,30-34,M,31,32,33,3279,0,0,1,0,0,0,0,0,0,0
777905,936,115762,30-34,M,31,36,36,3288,0,0,1,0,0,0,0,0,0,0
778037,936,115784,35-39,M,27,29,28,14615,4,6.050000191,1,0,0.027369141,1.512500048,0.413958275,0,0,-100
778048,936,115786,30-34,M,27,28,29,56615,12,19.88000035,2,0,0.021195796,1.656666696,0.351143696,0,0,-100
778085,936,115792,30-34,M,26,32,31,11735,3,4.529999971,1,1,0.02556455,1.50999999,0.38602471,4.529999971,33.33333333,2107.505533
778087,936,115792,30-34,M,26,30,32,15910,5,6.779999852,1,0,0.031426776,1.35599997,0.426147068,0,0,-100
778112,936,115796,35-39,M,29,33,35,11446,2,3.090000033,1,1,0.017473353,1.545000017,0.269963309,3.090000033,50,3136.24592
778113,936,115796,35-39,M,29,35,35,4595,0,0,1,0,0,0,0,0,0,0
778124,936,115798,30-34,M,29,34,32,4871,0,0,1,0,0,0,0,0,0,0
778148,936,115802,35-39,M,28,32,30,3199,0,0,1,0,0,0,0,0,0,0
778156,936,115804,30-34,M,28,32,31,9388,2,3.140000105,1,0,0.021303792,1.570000053,0.334469547,0,0,-100
778161,936,115804,30-34,M,28,31,33,17954,6,7.5400002,2,1,0.033418737,1.2566667,0.419962137,7.5400002,16.66666667,1226.259912
778208,936,115812,40-44,F,29,32,32,2755,0,0,1,0,0,0,0,0,0,0
778264,936,115822,40-44,F,27,31,30,8152,1,0.99000001,1,0,0.012266928,0.99000001,0.121442592,0,0,-100
778266,936,115822,40-44,F,27,32,28,74542,19,34.1500001,1,0,0.025488986,1.797368426,0.458130988,0,0,-100
778421,936,115848,40-44,F,20,21,23,6699,2,3.090000033,1,0,0.029855202,1.545000017,0.46126288,0,0,-100
778422,936,115848,40-44,F,20,25,24,11911,4,3.959999919,1,0,0.033582403,0.98999998,0.332465781,0,0,-100
778461,936,115854,40-44,M,29,35,33,10090,2,2.650000095,1,1,0.019821606,1.325000048,0.262636283,2.650000095,50,3673.58477
778471,936,115856,30-34,M,32,35,36,1273,0,0,1,1,0,0,0,0,0,0
778483,936,115858,40-44,F,18,24,20,24188,5,8.179999828,1,0,0.020671407,1.635999966,0.338184216,0,0,-100
778529,936,115866,30-34,M,31,35,33,2214,0,0,1,0,0,0,0,0,0,0
778556,936,115870,40-44,M,32,35,38,9735,4,4.130000114,1,1,0.041088855,1.032500029,0.424242436,4.130000114,25,2321.307439
778590,936,115876,30-34,M,30,36,36,1371,0,0,1,1,0,0,0,0,0,0
778600,936,115878,40-44,F,22,23,25,10750,4,5.389999866,1,0,0.037209302,1.347499967,0.501395336,0,0,-100
778626,936,115882,30-34,M,29,33,35,7629,1,0.720000029,1,1,0.013107878,0.720000029,0.094376724,0.720000029,100,13788.88833
778628,936,115882,30-34,M,29,35,30,4608,0,0,1,0,0,0,0,0,0,0
778674,936,115890,35-39,M,29,31,30,3732,0,0,1,0,0,0,0,0,0,0
778689,936,115892,30-34,M,28,32,32,7453,1,1.679999948,1,1,0.013417416,1.679999948,0.225412579,1.679999948,100,5852.381137
778722,936,115898,35-39,F,64,70,67,41785,14,19.10000038,1,0,0.033504846,1.364285741,0.45710184,0,0,-100
778737,936,115900,35-39,M,27,32,30,8077,2,3.579999924,1,1,0.024761669,1.789999962,0.443233865,3.579999924,50,2693.296149
778756,936,115904,35-39,F,63,65,65,5602,1,1.580000043,1,0,0.017850768,1.580000043,0.282042135,0,0,-100
778804,936,115912,30-34,M,26,29,29,6184,2,2.75,1,1,0.032341527,1.375,0.44469599,2.75,50,3536.363636
778808,936,115912,30-34,M,26,28,29,1738,0,0,1,0,0,0,0,0,0,0
778964,936,115938,35-39,F,27,33,28,112460,25,41.29000068,1,0,0.022230126,1.651600027,0.367152771,0,0,-100
779057,936,115954,40-44,M,15,21,21,4414,0,0,1,0,0,0,0,0,0,0
779106,936,115962,35-39,F,30,35,36,14670,7,9.410000324,1,0,0.047716428,1.344285761,0.641445148,0,0,-100
779438,936,116031,30-34,F,64,66,69,33144,9,13.40999985,1,0,0.027154236,1.489999983,0.404598113,0,0,-100
779453,936,116033,45-49,M,64,68,70,4397,1,0.949999988,1,0,0.022742779,0.949999988,0.216056399,0,0,-100
779488,936,116039,45-49,M,65,68,69,1006,0,0,1,0,0,0,0,0,0,0
779573,936,116053,35-39,F,10,13,16,89527,24,32.28999996,1,0,0.026807555,1.345416665,0.360673316,0,0,-100
779608,936,116059,35-39,F,15,18,16,2459,0,0,1,0,0,0,0,0,0,0
779609,936,116059,35-39,F,15,20,18,7116,2,1.730000019,1,1,0.028105677,0.86500001,0.243114112,1.730000019,50,5680.346757
779622,936,116061,30-34,F,15,18,17,8613,1,0.889999986,2,0,0.011610356,0.889999986,0.103332171,0,0,-100
779631,936,116063,35-39,F,16,19,18,9730,1,1.379999995,1,0,0.010277492,1.379999995,0.141829393,0,0,-100
779644,936,116065,30-34,F,16,20,20,51816,8,10.2299999,2,1,0.015439247,1.278749988,0.197429364,10.2299999,12.5,877.5171161
779645,936,116065,30-34,F,16,21,20,27289,3,4.429999828,1,0,0.010993441,1.476666609,0.162336466,0,0,-100
779715,936,116077,30-34,F,29,32,33,20409,4,3.829999924,1,0,0.019599196,0.957499981,0.187662302,0,0,-100
779716,936,116077,30-34,F,29,32,34,8044,1,1.110000014,1,0,0.012431626,1.110000014,0.137991051,0,0,-100
779738,936,116081,30-34,F,28,32,33,15645,4,5.349999905,1,0,0.025567274,1.337499976,0.341962282,0,0,-100
779778,936,116087,30-34,F,31,37,34,2466,0,0,2,2,0,0,0,0,0,0
779789,936,116089,45-49,M,10,14,13,11611,3,3.950000048,1,1,0.025837568,1.316666683,0.340194647,3.950000048,33.33333333,2431.645539
779824,936,116095,45-49,M,7,13,9,9375,3,4.019999981,1,0,0.032,1.339999994,0.428799998,0,0,-100
779871,936,116103,30-34,F,32,37,34,4402,1,1.330000043,1,1,0.022716947,1.330000043,0.302135403,1.330000043,100,7418.796749
779918,936,116111,30-34,F,18,23,24,8469,2,3.089999914,1,0,0.023615539,1.544999957,0.364860068,0,0,-100
779922,936,116111,30-34,F,18,22,24,5823,1,1.419999957,1,1,0.017173278,1.419999957,0.243860546,1.419999957,100,6942.253734
779944,936,116115,35-39,M,10,13,16,2549,0,0,1,0,0,0,0,0,0,0
779979,936,116121,35-39,M,16,17,21,25817,4,6.019999981,1,0,0.015493667,1.504999995,0.233179687,0,0,-100
779995,936,116123,30-34,F,20,24,25,1961,0,0,1,0,0,0,0,0,0,0
780064,936,116135,30-34,F,22,24,25,2554,0,0,1,0,0,0,0,0,0,0
780104,936,116147,30-34,F,25,27,26,4971,1,1.230000019,1,1,0.020116677,1.230000019,0.247435128,1.230000019,100,8030.081175
780199,936,116163,35-39,F,23,28,27,1030,0,0,1,1,0,0,0,0,0,0
780318,936,116183,45-49,F,29,32,31,162341,56,77.07999969,3,0,0.034495291,1.376428566,0.474803036,0,0,-100
780323,936,116183,45-49,F,29,35,34,24542,7,9.329999924,1,0,0.028522533,1.332857132,0.380164613,0,0,-100
780486,936,116216,30-34,F,65,69,71,2879,0,0,1,1,0,0,0,0,0,0
780498,936,116218,30-34,F,64,65,68,13621,3,4.090000033,1,0,0.022024815,1.363333344,0.300271642,0,0,-100
780511,936,116220,30-34,F,63,65,66,6175,1,1.370000005,2,1,0.016194332,1.370000005,0.221862349,1.370000005,100,7199.270046
780629,936,116240,30-34,F,28,34,34,2963,0,0,1,0,0,0,0,0,0,0
780653,936,116244,30-34,F,29,33,35,9076,1,1.379999995,1,1,0.01101807,1.379999995,0.15204936,1.379999995,100,7146.376838
780655,936,116244,30-34,F,29,33,34,20941,4,5.909999967,1,1,0.019101285,1.477499992,0.282221478,5.909999967,25,1592.047387
780666,936,116246,45-49,F,10,13,13,3462,0,0,1,0,0,0,0,0,0,0
780681,936,116248,30-34,F,26,29,29,4073,0,0,1,1,0,0,0,0,0,0
780700,936,116252,30-34,F,27,33,30,3745,0,0,1,0,0,0,0,0,0,0
780748,936,116265,30-34,F,24,26,28,830,0,0,1,0,0,0,0,0,0,0
780759,936,116267,45-49,F,18,24,22,2912,0,0,1,0,0,0,0,0,0,0
780760,936,116267,45-49,F,18,23,22,17167,5,6.910000086,1,0,0.029125648,1.382000017,0.402516461,0,0,-100
780797,936,116273,30-34,F,22,25,25,24491,7,9.539999962,1,0,0.028581928,1.362857137,0.389530847,0,0,-100
780799,936,116273,30-34,F,22,24,26,44699,13,17.30000037,2,0,0.029083425,1.330769259,0.387033275,0,0,-100
780821,936,116277,30-34,F,23,24,25,6469,2,1.309999943,1,0,0.03091668,0.654999972,0.202504242,0,0,-100
780830,936,116279,45-49,F,16,17,17,16053,3,4.079999924,1,1,0.018688096,1.359999975,0.254158097,4.079999924,33.33333333,2350.980438
780835,936,116279,45-49,F,16,21,21,54724,12,17.92999995,1,1,0.021928222,1.494166663,0.327644177,17.92999995,8.333333333,457.7244857
780867,936,116285,30-34,F,21,27,26,4706,1,1.220000029,1,0,0.021249469,1.220000029,0.259243525,0,0,-100
780974,936,116303,40-44,F,32,38,36,8316,3,4.569999933,1,1,0.036075036,1.523333311,0.549543041,4.569999933,33.33333333,2088.18384
781066,936,116323,40-44,F,22,26,25,5794,2,2.269999981,1,0,0.034518467,1.134999991,0.391784601,0,0,-100
781114,936,116331,40-44,F,18,24,22,4813,1,1.029999971,1,0,0.020777062,1.029999971,0.214003734,0,0,-100
781159,936,116339,40-44,F,10,15,11,85285,26,36.13000035,1,0,0.030486017,1.389615398,0.423638393,0,0,-100
781162,936,116339,40-44,F,10,11,13,5839,1,1.370000005,1,0,0.01712622,1.370000005,0.234629218,0,0,-100
781175,936,116341,40-44,F,15,16,21,5859,1,1.539999962,1,0,0.017067759,1.539999962,0.262843482,0,0,-100
781187,936,116343,40-44,F,16,22,19,164118,41,59.06999993,1,0,0.024982025,1.440731706,0.359923957,0,0,-100
781195,936,116345,35-39,F,63,67,69,18234,6,7.810000062,1,0,0.032905561,1.301666677,0.428320723,0,0,-100
781207,936,116347,35-39,F,64,67,70,2755,0,0,1,0,0,0,0,0,0,0
781303,936,116363,35-39,F,27,29,30,73676,20,28.5,1,0,0.027145882,1.425,0.386828818,0,0,-100
781305,936,116363,35-39,F,27,30,28,18421,7,10.07999992,1,0,0.038000109,1.439999989,0.547201559,0,0,-100
781327,936,116367,35-39,F,29,35,35,164754,49,67.97999978,2,1,0.029741311,1.387346934,0.41261517,67.97999978,2.040816327,47.10208933
781353,936,116371,35-39,F,10,13,15,7449,1,1.639999986,1,1,0.013424621,1.639999986,0.220163778,1.639999986,100,5997.561028
781354,936,116371,35-39,F,10,14,16,6424,1,0.529999971,1,0,0.015566625,0.529999971,0.082503109,0,0,-100
781438,936,116385,30-34,M,63,65,68,2086,0,0,1,0,0,0,0,0,0,0
781470,936,116391,35-39,M,16,17,18,6016,0,0,1,0,0,0,0,0,0,0
781499,936,116395,35-39,M,15,21,20,6412,1,1.370000005,1,0,0.015595758,1.370000005,0.213661885,0,0,-100
781508,936,116397,30-34,F,63,68,64,5040,1,1.440000057,1,0,0.01984127,1.440000057,0.285714297,0,0,-100
781556,936,116405,30-34,F,32,37,36,1772,0,0,1,0,0,0,0,0,0,0
781559,936,116405,30-34,F,32,38,34,1783,0,0,1,0,0,0,0,0,0,0
781606,936,116413,35-39,M,20,21,24,8200,3,3.919999957,1,0,0.036585366,1.306666652,0.478048775,0,0,-100
781690,936,116427,45-49,F,26,28,30,115896,38,49.44000006,1,0,0.032788017,1.301052633,0.426589356,0,0,-100
781811,936,116447,35-39,F,16,17,22,10186,1,1.230000019,1,1,0.009817396,1.230000019,0.120753978,1.230000019,100,8030.081175
781857,936,116455,30-34,M,20,21,24,9134,3,4.180000067,2,0,0.032844318,1.393333356,0.457630837,0,0,-100
781858,936,116455,30-34,M,20,25,22,3385,1,1.440000057,1,1,0.029542097,1.440000057,0.425406221,1.440000057,100,6844.44417
781907,936,116463,45-49,F,21,27,23,1314,0,0,1,0,0,0,0,0,0,0
781928,936,116467,30-34,M,18,21,22,2916,0,0,1,1,0,0,0,0,0,0
781929,936,116467,30-34,M,18,21,21,6142,1,1.330000043,1,0,0.016281342,1.330000043,0.21654185,0,0,-100
781950,936,116471,30-34,F,20,26,21,1984,0,0,1,0,0,0,0,0,0,0
781999,936,116479,30-34,M,24,30,29,9142,3,3.749999881,1,0,0.032815576,1.24999996,0.410194693,0,0,-100
782001,936,116479,30-34,M,24,30,28,5475,2,2.730000019,1,1,0.03652968,1.36500001,0.49863014,2.730000019,50,3563.003638
782022,936,116483,30-34,F,18,24,20,8254,2,2.320000052,1,1,0.024230676,1.160000026,0.281075848,2.320000052,50,4210.344731
782026,936,116483,30-34,F,18,24,20,5704,1,1.320000052,1,0,0.017531557,1.320000052,0.231416559,0,0,-100
782130,936,116501,30-34,F,16,18,21,7301,0,0,1,0,0,0,0,0,0,0
782134,936,116501,30-34,F,16,19,21,37873,5,6.169999957,1,1,0.013202017,1.233999991,0.162912892,6.169999957,20,1520.745554
782135,936,116501,30-34,F,16,20,17,25267,4,4.940000057,2,1,0.015830926,1.235000014,0.195511935,4.940000057,25,1924.291475
782171,936,116507,30-34,F,30,31,32,535,0,0,1,0,0,0,0,0,0,0
782180,936,116509,30-34,M,29,34,30,3396,0,0,1,0,0,0,0,0,0,0
782219,936,116515,30-34,M,26,27,32,977,0,0,1,0,0,0,0,0,0,0
782228,936,116517,40-44,F,63,64,66,12318,5,6.340000153,1,1,0.040591005,1.268000031,0.514693956,6.340000153,20,1477.287028
782242,936,116519,30-34,F,28,34,31,4783,1,0.860000014,1,0,0.02090738,0.860000014,0.179803474,0,0,-100
782275,936,116525,30-34,F,29,31,30,6475,1,1.350000024,1,0,0.015444015,1.350000024,0.208494212,0,0,-100
782337,936,116535,45-49,F,16,18,19,104578,29,39.25000095,1,1,0.027730498,1.353448309,0.375317954,39.25000095,3.448275862,154.7770639
782407,936,116547,45-49,F,10,12,11,33664,11,12.51000035,1,0,0.032675856,1.137272759,0.371613604,0,0,-100
782443,936,116553,40-44,F,20,25,24,979,0,0,1,0,0,0,0,0,0,0
782541,936,116569,40-44,F,28,29,30,7337,3,4.079999924,1,0,0.040888647,1.359999975,0.556085583,0,0,-100
782587,936,116577,30-34,M,10,13,16,2499,0,0,1,0,0,0,0,0,0,0
782647,936,116587,40-44,F,27,33,30,11244,3,4.550000191,1,0,0.026680896,1.51666673,0.40466028,0,0,-100
782658,936,116589,30-34,M,15,17,19,4827,0,0,1,0,0,0,0,0,0,0
782694,936,116595,35-39,F,29,31,35,29035,7,8.910000086,2,2,0.024108834,1.272857155,0.306871021,4.455000043,28.57142857,2144.66889
782706,936,116597,35-39,F,30,32,32,761,0,0,1,0,0,0,0,0,0,0
782754,936,116605,35-39,F,26,31,32,6532,1,1.610000014,1,0,0.015309247,1.610000014,0.246478875,0,0,-100
782815,936,116615,40-44,F,10,16,15,11537,3,4.300000191,1,0,0.026003294,1.433333397,0.372713894,0,0,-100
782816,936,116615,40-44,F,10,13,11,12183,3,2.869999945,1,0,0.024624477,0.956666648,0.235574156,0,0,-100
782862,936,116623,35-39,F,64,70,67,5912,1,1.559999943,1,1,0.01691475,1.559999943,0.263870085,1.559999943,100,6310.256644
950068,936,123438,30-34,M,10,12,13,4012,1,1.570000052,1,0,0.024925224,1.570000052,0.391326035,0,0,-100
950078,936,123440,30-34,M,16,22,17,12396,2,3.210000038,2,1,0.016134237,1.605000019,0.258954505,3.210000038,50,3015.264761
950079,936,123440,30-34,M,16,20,22,3142,0,0,2,2,0,0,0,0,0,0
950099,936,123443,30-34,M,18,23,23,1120,0,0,1,0,0,0,0,0,0,0
950109,936,123445,30-34,M,20,24,22,343,0,0,1,1,0,0,0,0,0,0
950170,936,123455,30-34,M,15,19,16,1720,0,0,1,1,0,0,0,0,0,0
950179,936,123457,30-34,M,16,22,19,3423,0,0,1,1,0,0,0,0,0,0
950182,936,123457,30-34,M,16,20,19,3242,0,0,1,0,0,0,0,0,0,0
950183,936,123457,30-34,M,16,22,19,15720,1,1.379999995,1,0,0.006361323,1.379999995,0.087786259,0,0,-100
950200,936,123460,30-34,M,10,13,15,1217,0,0,1,1,0,0,0,0,0,0
950224,936,123464,40-44,M,20,21,23,2367,2,2.839999914,1,1,0.084495142,1.419999957,1.199830973,2.839999914,50,3421.126867
950326,936,123481,35-39,M,16,19,22,6607,1,1.320000052,2,0,0.015135462,1.320000052,0.199788111,0,0,-100
950345,936,123484,30-34,M,64,66,65,616,0,0,1,0,0,0,0,0,0,0
950452,936,123502,45-49,M,16,22,22,5537,1,1.519999981,1,0,0.018060321,1.519999981,0.274516883,0,0,-100
950463,936,123504,45-49,M,15,19,18,818,0,0,1,0,0,0,0,0,0,0
950495,936,123509,45-49,M,21,25,25,1909,1,0.980000019,1,0,0.052383447,0.980000019,0.513357789,0,0,-100
950521,936,123514,30-34,M,21,27,25,351,0,0,1,0,0,0,0,0,0,0
950531,936,123515,45-49,M,22,24,26,572,0,0,1,0,0,0,0,0,0,0
950537,936,123516,40-44,M,36,41,40,1884,1,1.409999967,1,0,0.053078556,1.409999967,0.748407626,0,0,-100
950550,936,123519,30-34,M,30,35,36,219,0,0,1,0,0,0,0,0,0,0
950577,936,123523,30-34,M,32,38,34,540,0,0,1,1,0,0,0,0,0,0
950578,936,123523,30-34,M,32,37,37,550,0,0,1,0,0,0,0,0,0,0
950595,936,123526,30-34,M,26,30,31,465,0,0,1,0,0,0,0,0,0,0
950609,936,123528,30-34,M,29,31,35,1761,0,0,1,1,0,0,0,0,0,0
950629,936,123532,30-34,M,65,67,68,152,0,0,1,1,0,0,0,0,0,0
950631,936,123532,30-34,M,65,70,70,152,0,0,1,1,0,0,0,0,0,0
950649,936,123535,30-34,M,64,67,70,429,0,0,1,0,0,0,0,0,0,0
950745,936,123551,30-34,M,29,32,31,1514,0,0,2,2,0,0,0,0,0,0
950770,936,123555,30-34,M,28,31,30,7780,3,4.329999924,2,2,0.038560411,1.443333308,0.55655526,2.164999962,66.66666667,4518.937725
950772,936,123556,35-39,M,28,30,33,460,0,0,1,0,0,0,0,0,0,0
950773,936,123556,35-39,M,28,29,32,471,0,0,1,0,0,0,0,0,0,0
950776,936,123556,35-39,M,28,29,32,2633,1,1.070000052,1,0,0.037979491,1.070000052,0.406380574,0,0,-100
950787,936,123558,30-34,M,27,32,30,199,0,0,1,0,0,0,0,0,0,0
950808,936,123562,35-39,M,32,33,38,398,0,0,1,0,0,0,0,0,0,0
950839,936,123567,30-34,M,24,29,25,246,0,0,2,2,0,0,0,0,0,0
950878,936,123573,40-44,M,10,11,15,2967,1,1.5,1,1,0.033704078,1.5,0.505561173,1.5,100,6566.666667
950969,936,123588,45-49,M,36,38,40,255,0,0,1,0,0,0,0,0,0,0
951021,936,123597,30-34,F,7,13,9,457,0,0,1,1,0,0,0,0,0,0
951033,936,123599,30-34,F,10,13,13,5517,1,1.230000019,1,0,0.018125793,1.230000019,0.222947257,0,0,-100
951035,936,123599,30-34,F,10,15,12,1539,0,0,1,1,0,0,0,0,0,0
951043,936,123601,30-34,F,16,22,17,3189,0,0,1,0,0,0,0,0,0,0
951045,936,123601,30-34,F,16,20,21,3348,0,0,1,0,0,0,0,0,0,0
951046,936,123601,30-34,F,16,18,17,20050,4,4.659999847,4,1,0.019950125,1.164999962,0.232418945,4.659999847,25,2045.922817
951102,936,123611,45-49,M,16,18,19,2254,0,0,1,0,0,0,0,0,0,0
951105,936,123611,45-49,M,16,20,21,5894,1,1.539999962,1,1,0.016966407,1.539999962,0.261282654,1.539999962,100,6393.506654
951133,936,123616,35-39,M,16,21,19,9948,2,2.720000029,2,0,0.020104544,1.360000015,0.273421796,0,0,-100
951202,936,123627,45-49,F,26,29,28,5307,3,4.289999962,2,1,0.056529112,1.429999987,0.808366301,4.289999962,33.33333333,2231.002352
951225,936,123631,35-39,F,22,28,28,4621,2,3.25,1,1,0.043280675,1.625,0.703310972,3.25,50,2976.923077
951270,936,123639,35-39,F,18,21,19,784,0,0,1,1,0,0,0,0,0,0
951282,936,123641,35-39,F,16,22,17,5775,1,1.580000043,1,1,0.017316017,1.580000043,0.273593081,1.580000043,100,6229.113752
951285,936,123641,35-39,F,16,20,20,9297,2,2.619999886,2,1,0.021512316,1.309999943,0.281811325,2.619999886,50,3716.794059
951294,936,123643,35-39,F,15,16,17,699,0,0,1,0,0,0,0,0,0,0
951305,936,123644,35-39,F,10,12,13,1104,0,0,1,0,0,0,0,0,0,0
951334,936,123649,30-34,F,64,70,69,3717,1,1.539999962,1,0,0.026903417,1.539999962,0.414312607,0,0,-100
951391,936,123659,30-34,F,28,29,33,2879,1,1.590000033,2,2,0.034734283,1.590000033,0.552275107,0.795000017,200,12478.61609
951392,936,123659,30-34,F,28,31,32,2749,1,1.389999986,1,0,0.036376864,1.389999986,0.505638409,0,0,-100
951400,936,123660,45-49,F,10,12,15,24028,9,12.39000034,2,0,0.037456301,1.376666704,0.515648424,0,0,-100
951402,936,123661,30-34,F,29,32,31,1118,0,0,1,1,0,0,0,0,0,0
951413,936,123662,30-34,F,26,29,27,1083,0,0,2,1,0,0,0,0,0,0
951420,936,123664,30-34,F,27,33,32,843,0,0,1,0,0,0,0,0,0,0
951444,936,123668,30-34,F,25,28,26,2983,1,0.970000029,1,0,0.033523299,0.970000029,0.325176007,0,0,-100
951448,936,123668,30-34,F,25,30,28,696,0,0,1,0,0,0,0,0,0,0
951462,936,123671,45-49,F,16,20,19,7589,2,3.150000095,1,1,0.026353933,1.575000048,0.415074462,3.150000095,50,3074.603079
951464,936,123671,45-49,F,16,17,21,20997,10,11.94999981,1,0,0.047625851,1.194999981,0.569128914,0,0,-100
951465,936,123671,45-49,F,16,18,17,4617,1,1.360000014,1,0,0.021659086,1.360000014,0.294563572,0,0,-100
951498,936,123677,45-49,F,20,22,21,259,0,0,1,0,0,0,0,0,0,0
951508,936,123678,30-34,F,18,21,22,1134,0,0,1,0,0,0,0,0,0,0
951542,936,123684,40-44,F,27,32,28,357,0,0,1,0,0,0,0,0,0,0
951607,936,123695,40-44,F,10,15,15,848,0,0,1,1,0,0,0,0,0,0
951608,936,123695,40-44,F,10,15,13,3149,1,1.480000019,1,0,0.031756113,1.480000019,0.469990479,0,0,-100
951641,936,123700,40-44,F,2,4,7,87,0,0,1,1,0,0,0,0,0,0
951677,936,123706,35-39,F,27,28,31,2563,1,1.480000019,1,0,0.039016777,1.480000019,0.57744831,0,0,-100
951692,936,123709,35-39,F,10,15,14,1107,0,0,1,0,0,0,0,0,0,0
951715,936,123713,45-49,F,64,65,65,10677,5,7.269999981,1,0,0.046829634,1.453999996,0.680902874,0,0,-100
951756,936,123720,35-39,F,22,25,26,2189,1,0.409999996,1,0,0.04568296,0.409999996,0.187300135,0,0,-100
951779,936,123723,45-49,F,27,32,29,3277,2,2.680000067,1,0,0.061031431,1.340000034,0.817821198,0,0,-100
951782,936,123724,45-49,F,26,30,29,781,0,0,1,0,0,0,0,0,0,0
951810,936,123729,35-39,F,16,17,22,2226,0,0,1,0,0,0,0,0,0,0
951812,936,123729,35-39,F,16,18,18,16274,4,6.079999924,2,0,0.024579083,1.519999981,0.37360206,0,0,-100
951837,936,123733,45-49,F,20,23,23,2077,1,1.50999999,1,1,0.048146365,1.50999999,0.727010106,1.50999999,100,6522.5166
951853,936,123736,30-34,F,20,23,25,529,0,0,0,0,0,0,0,0,0,0
951854,936,123736,30-34,F,20,26,25,487,0,0,1,0,0,0,0,0,0,0
951856,936,123736,30-34,F,20,23,21,4626,2,2.099999905,2,0,0.043233895,1.049999953,0.453955881,0,0,-100
951941,936,123750,30-34,F,28,33,34,2764,1,1.559999943,1,1,0.03617945,1.559999943,0.564399401,1.559999943,100,6310.256644
952001,936,123760,45-49,F,10,12,13,5447,2,2.960000038,1,0,0.036717459,1.480000019,0.543418402,0,0,-100
952031,936,123765,40-44,F,16,17,17,28169,8,12.36999989,1,1,0.028400014,1.546249986,0.439135216,12.36999989,12.5,708.4074445
952080,936,123774,40-44,F,27,30,30,415,0,0,1,0,0,0,0,0,0,0
952100,936,123777,35-39,F,29,31,30,810,0,0,1,1,0,0,0,0,0,0
1121091,1178,144531,30-34,M,10,11,15,1194718,141,254.049996,28,14,0.011801948,1.801773021,0.212644319,18.14642829,9.929078014,451.0726322
1121092,1178,144531,30-34,M,10,12,11,637648,67,122.4,13,5,0.010507365,1.826865672,0.191955436,24.48,7.462686567,308.496732
1121094,1178,144531,30-34,M,10,16,15,24362,0,0,1,1,0,0,0,0,0,0
1121095,1178,144531,30-34,M,10,16,12,459690,50,86.33000112,5,2,0.010876895,1.726600022,0.187800477,43.16500056,4,131.6691734
1121096,1178,144531,30-34,M,10,11,16,750060,86,161.9099991,11,2,0.011465749,1.882674408,0.21586273,80.95499955,2.325581395,23.52541604
1121097,1178,144532,30-34,M,15,18,18,30068,1,1.820000052,1,0,0.003325795,1.820000052,0.060529468,0,0,-100
1121098,1178,144532,30-34,M,15,18,21,1267550,123,236.7699986,24,10,0.009703759,1.924959338,0.186793419,23.67699986,8.130081301,322.3508071
1121100,1178,144532,30-34,M,15,20,17,3052003,340,639.9499981,60,17,0.011140225,1.882205877,0.209681969,37.64411754,5,165.6457544
1121101,1178,144532,30-34,M,15,17,21,29945,1,1.590000033,2,1,0.003339456,1.590000033,0.053097346,1.590000033,100,6189.308046
1121102,1178,144532,30-34,M,15,18,20,357856,30,52.97000015,7,3,0.00838326,1.765666672,0.148020433,17.65666672,10,466.3583144
1121104,1178,144533,30-34,M,16,20,20,2080666,202,360.1500015,40,21,0.00970843,1.7829208,0.173093616,17.15000007,10.3960396,483.0903766
1121105,1178,144533,30-34,M,16,22,19,145999,9,16.5200001,5,2,0.006164426,1.835555567,0.113151461,8.26000005,22.22222222,1110.653746
1121107,1178,144533,30-34,M,16,17,19,32616,1,1.539999962,2,0,0.00306598,1.539999962,0.047216089,0,0,-100
1121108,1178,144533,30-34,M,16,20,18,984521,95,163.8999972,26,14,0.009649362,1.725263128,0.166476893,11.70714266,14.73684211,754.1793923
1121110,1178,144534,30-34,M,18,20,22,880814,123,210.3600006,6,2,0.013964356,1.710243907,0.238824543,105.1800003,1.62601626,-4.924890935
1121111,1178,144534,30-34,M,18,19,21,182452,20,35.73000026,4,1,0.010961787,1.786500013,0.19583233,35.73000026,5,179.8768521
1121113,1178,144534,30-34,M,18,24,24,894911,120,215.8399994,7,4,0.013409155,1.798666662,0.241185994,53.95999985,3.333333333,85.3224616
1121114,1178,144534,30-34,M,18,23,23,31349,2,3.800000072,1,0,0.006379789,1.900000036,0.12121599,0,0,-100
1121115,1178,144535,30-34,M,19,21,21,410310,55,96.80000055,3,0,0.013404499,1.76000001,0.235919184,0,0,-100
1121116,1178,144535,30-34,M,19,20,24,572450,89,157.329998,7,4,0.015547209,1.767752787,0.274836227,39.3324995,4.494382022,154.2426779
1121117,1178,144535,30-34,M,19,24,25,98759,15,26.56999946,1,1,0.015188489,1.771333297,0.269038766,26.56999946,6.666666667,276.3643283
1121119,1178,144535,30-34,M,19,21,22,345371,54,93.08999991,7,3,0.01563536,1.723888887,0.269536238,31.02999997,5.555555556,222.2687725
1121121,1178,144536,30-34,M,20,22,25,323899,46,78.9200002,5,1,0.014201958,1.715652178,0.243656202,78.9200002,2.173913043,26.71059268
1121122,1178,144536,30-34,M,20,21,25,399199,58,103.1500002,3,0,0.014529095,1.778448279,0.258392431,0,0,-100
1121123,1178,144536,30-34,M,20,24,22,171202,22,36.53000021,3,1,0.012850317,1.660454555,0.213373677,36.53000021,4.545454545,173.7476031
1121124,1178,144536,30-34,M,20,26,24,128386,15,28.85000002,2,1,0.011683517,1.923333335,0.224712975,28.85000002,6.666666667,246.6204504
1121125,1178,144536,30-34,M,20,26,24,1034284,152,257.7099986,20,9,0.014696157,1.695460517,0.249167539,28.63444429,5.921052632,249.2297563
1121126,1178,144536,30-34,M,20,21,24,45923,5,7.220000148,2,0,0.01088779,1.44400003,0.157219697,0,0,-100
1121127,1178,144537,30-34,M,21,23,22,40873,4,7.899999976,2,1,0.009786412,1.974999994,0.193281628,7.899999976,25,1165.822789
1121128,1178,144537,30-34,M,21,26,22,286553,34,62.06000042,2,1,0.01186517,1.82529413,0.216574248,62.06000042,2.941176471,61.13438499
1121129,1178,144537,30-34,M,21,25,25,20618,1,2.099999905,2,1,0.004850131,2.099999905,0.101852745,2.099999905,100,4661.904977
1121131,1178,144537,30-34,M,21,27,25,83591,7,14.14000046,2,2,0.008374107,2.020000066,0.169156972,7.07000023,28.57142857,1314.427111
1121132,1178,144537,30-34,M,21,23,27,114923,12,23.73000026,4,2,0.010441774,1.977500022,0.206486084,11.86500013,16.66666667,742.8149929
1121133,1178,144538,30-34,M,22,25,23,25002,1,1.710000038,1,0,0.00399968,1.710000038,0.06839453,0,0,-100
1121134,1178,144538,30-34,M,22,27,28,68905,5,9.440000057,1,0,0.007256367,1.888000011,0.137000219,0,0,-100
1121136,1178,144538,30-34,M,22,26,26,169588,16,27.79999924,1,0,0.00943463,1.737499953,0.163926688,0,0,-100
1121138,1178,144538,30-34,M,22,26,24,328991,35,67.65000057,5,2,0.010638589,1.932857159,0.205628727,33.82500029,5.714285714,195.6393175
1121141,1178,144539,30-34,M,23,29,27,23198,2,2.980000019,1,0,0.008621433,1.49000001,0.128459351,0,0,-100
1121142,1178,144539,30-34,M,23,24,27,26890,2,3.24000001,1,0,0.007437709,1.620000005,0.120490889,0,0,-100
1121143,1178,144539,30-34,M,23,28,27,221695,31,52.26000011,5,2,0.013983175,1.685806455,0.235729268,26.13000006,6.451612903,282.7018744
1121152,1178,144541,30-34,M,24,29,28,88443,7,13.0400002,1,1,0.007914702,1.862857171,0.147439596,13.0400002,14.28571429,666.8711539
1121153,1178,144541,30-34,M,24,27,30,187856,23,38.38999975,5,1,0.01224342,1.669130424,0.204358656,38.38999975,4.347826087,160.4845029
1121164,1178,144545,30-34,M,25,31,30,570699,80,138.7699997,9,2,0.014017897,1.734624996,0.243157951,69.38499985,2.5,44.12336992
1121167,1178,144545,30-34,M,25,29,31,1063508,145,260.3800013,23,7,0.013634124,1.795724147,0.244831258,37.19714304,4.827586207,168.837851
1121168,1178,144545,30-34,M,25,27,28,50523,6,8.549999952,1,0,0.011875779,1.424999992,0.169229855,0,0,-100
1121172,1178,144547,30-34,M,26,30,28,87935,9,15.63000023,1,0,0.010234833,1.736666692,0.177744928,0,0,-100
1121173,1178,144547,30-34,M,26,31,32,278225,33,60.19999957,3,0,0.011860904,1.824242411,0.21637164,0,0,-100
1121175,1178,144547,30-34,M,26,28,29,209461,20,34.19000006,1,0,0.009548317,1.709500003,0.163228477,0,0,-100
1121177,1178,144547,30-34,M,26,28,29,26316,2,3.24000001,3,0,0.007599939,1.620000005,0.123119015,0,0,-100
1121181,1178,144549,30-34,M,27,32,29,41030,3,5.140000105,2,1,0.007311723,1.713333368,0.125274192,5.140000105,33.33333333,1845.525252
1121182,1178,144549,30-34,M,27,28,33,876671,120,216.5599982,22,4,0.013688145,1.804666652,0.247025393,54.13999955,3.333333333,84.70631849
1121183,1178,144549,30-34,M,27,32,29,399392,53,93.07000041,5,0,0.013270171,1.756037744,0.233029205,0,0,-100
1121184,1178,144549,30-34,M,27,31,29,283858,30,56.05999923,1,0,0.010568665,1.868666641,0.19749311,0,0,-100
1121185,1178,144549,30-34,M,27,28,29,260699,31,54.09999871,5,2,0.011891108,1.745161249,0.207519011,27.04999936,6.451612903,269.6857759
1121193,1178,144552,30-34,M,28,34,29,57781,5,7.800000072,2,1,0.008653364,1.560000014,0.134992473,7.800000072,20,1182.05127
1121195,1178,144552,30-34,M,28,34,33,38757,3,5.220000029,1,0,0.007740537,1.74000001,0.134685348,0,0,-100
1121196,1178,144552,30-34,M,28,29,29,1392288,206,358.5500029,31,7,0.014795789,1.740533995,0.257525744,51.22142899,3.398058252,95.23078911
1121197,1178,144552,30-34,M,28,30,32,1109387,159,280.9899995,13,2,0.014332239,1.767232701,0.25328402,140.4949998,1.257861635,-28.82308966
1121202,1178,144554,30-34,M,29,32,34,581281,65,115.1200008,10,5,0.011182199,1.771076935,0.198045353,23.02400016,7.692307692,334.3293924
1121203,1178,144554,30-34,M,29,35,33,1048861,128,219.770002,22,8,0.012203714,1.716953141,0.209532056,27.47125025,6.25,264.0169235
1121205,1178,144554,30-34,M,29,32,30,297452,30,52.01999986,4,1,0.010085661,1.733999995,0.174885359,52.01999986,3.333333333,92.23375676
1121206,1178,144554,30-34,M,29,34,31,227925,22,35.30999994,22,12,0.009652298,1.604999997,0.154919381,2.942499995,54.54545455,3298.470694
1121207,1178,144554,30-34,M,29,34,31,374175,38,63.32000101,8,3,0.010155676,1.666315816,0.169225632,21.106667,7.894736842,373.783947
1121211,1178,144556,30-34,M,30,32,31,223586,32,54.24000037,1,0,0.014312166,1.695000012,0.242591219,0,0,-100
1121213,1178,144556,30-34,M,30,31,35,283170,39,65.22999996,2,1,0.013772645,1.672564102,0.230356323,65.22999996,2.564102564,53.30369471
1121215,1178,144556,30-34,M,30,31,34,41636,3,4.210000038,1,0,0.007205303,1.403333346,0.101114421,0,0,-100
1121216,1178,144556,30-34,M,30,32,34,198658,30,48.60999978,8,1,0.01510133,1.620333326,0.244691881,48.60999978,3.333333333,105.7189888
1121220,1178,144558,30-34,M,31,37,35,100596,10,13.91999972,4,2,0.009940753,1.391999972,0.138375281,6.95999986,20,1336.781638
1121223,1178,144558,30-34,M,31,37,35,64020,5,11.0599997,1,0,0.007810059,2.21199994,0.172758508,0,0,-100
1121224,1178,144558,30-34,M,31,32,33,14289,0,0,1,0,0,0,0,0,0,0
1121229,1178,144561,30-34,M,32,36,37,404866,43,87.42000079,4,0,0.010620798,2.033023274,0.215923295,0,0,-100
1121231,1178,144561,30-34,M,32,36,35,22256,1,1.659999967,1,1,0.00449317,1.659999967,0.074586627,1.659999967,100,5924.096505
1121233,1178,144561,30-34,M,32,34,36,57690,4,6.74000001,1,0,0.006933611,1.685000003,0.11683134,0,0,-100
1121241,1178,144562,30-34,M,36,40,37,24952,5,8.220000267,3,2,0.020038474,1.644000053,0.329432521,4.110000134,40,2333.089945
1121242,1178,144562,30-34,M,36,37,39,38900,3,5.580000043,1,0,0.007712082,1.860000014,0.143444731,0,0,-100
1121243,1178,144562,30-34,M,36,42,42,53520,6,9.2299999,1,1,0.011210762,1.538333317,0.172458892,9.2299999,16.66666667,983.4236304
1121244,1178,144562,30-34,M,36,41,41,181683,20,34.22999972,2,1,0.011008185,1.711499986,0.188405078,34.22999972,5,192.1413988
1121245,1178,144562,30-34,M,36,37,40,29185,2,3.149999976,1,0,0.006852835,1.574999988,0.107932156,0,0,-100
1121246,1178,144562,30-34,M,36,41,38,105047,13,20.2099994,3,1,0.012375413,1.554615338,0.192390067,20.2099994,7.692307692,394.8045669
1121250,1178,144565,30-34,M,63,67,64,287976,31,59.43999982,3,2,0.010764786,1.917419349,0.206406089,29.71999991,6.451612903,236.4737561
1121251,1178,144565,30-34,M,63,65,69,212175,22,38.58999968,2,1,0.010368799,1.754090895,0.181878165,38.58999968,4.545454545,159.1344929
1121252,1178,144565,30-34,M,63,69,67,11139,0,0,1,1,0,0,0,0,0,0
1121254,1178,144565,30-34,M,63,64,65,124005,11,21.84999979,4,1,0.00887061,1.986363617,0.176202571,21.84999979,9.090909091,357.6659083
1121255,1178,144565,30-34,M,63,64,67,20423,1,1.960000038,1,0,0.00489644,1.960000038,0.095970232,0,0,-100
1121261,1178,144567,30-34,M,64,67,65,103001,14,22.32000005,1,0,0.013592101,1.594285718,0.216696926,0,0,-100
1121262,1178,144567,30-34,M,64,66,67,447420,66,110.2399991,7,2,0.01475124,1.670303017,0.246390414,55.11999955,3.03030303,81.42235271
1121263,1178,144567,30-34,M,64,66,69,156101,19,29.75000048,2,2,0.012171607,1.565789499,0.190581742,14.87500024,10.52631579,572.2688967
1121264,1178,144567,30-34,M,64,70,67,93015,12,18.47000015,1,0,0.012901145,1.539166679,0.198570125,0,0,-100
1121265,1178,144568,30-34,M,65,70,68,145398,23,36.24000025,1,0,0.015818649,1.575652185,0.249246896,0,0,-100
1121269,1178,144568,30-34,M,65,67,67,296413,50,76.43999958,3,1,0.016868356,1.528799992,0.257883425,76.43999958,2,30.82156011
1121273,1178,144569,30-34,M,2,4,4,9370,0,0,1,1,0,0,0,0,0,0
1121274,1178,144569,30-34,M,2,4,7,63785,7,11.80000019,6,2,0.010974367,1.685714313,0.184996476,5.900000095,28.57142857,1594.915227
1121275,1178,144569,30-34,M,2,8,3,118522,14,26.81999981,2,1,0.011812153,1.915714272,0.226287101,26.81999981,7.142857143,272.8560802
1121276,1178,144569,30-34,M,2,5,5,240123,38,65.67000115,5,4,0.015825223,1.728157925,0.273484844,16.41750029,10.52631579,509.1061261
1121277,1178,144570,30-34,M,7,9,13,169108,20,32.24000025,2,1,0.011826762,1.612000013,0.190647398,32.24000025,5,210.1736949
1121278,1178,144570,30-34,M,7,13,10,1044442,142,245.5999999,22,8,0.013595777,1.729577464,0.235149486,30.69999999,5.633802817,225.7328992
1121279,1178,144570,30-34,M,7,10,13,93891,11,17.6400001,5,3,0.011715713,1.603636373,0.187877433,5.880000033,27.27272727,1600.680262
1121282,1178,144570,30-34,M,7,11,10,185823,25,38.54999936,4,1,0.013453663,1.541999974,0.207455478,38.54999936,4,159.4033766
1121284,1178,144571,30-34,M,66,68,70,175631,23,40.75999951,1,0,0.013095638,1.772173892,0.232077478,0,0,-100
1121285,1178,144571,30-34,M,66,68,70,37187,4,6.370000005,1,0,0.010756447,1.592500001,0.171296421,0,0,-100
1121286,1178,144571,30-34,M,66,67,69,10991,0,0,1,0,0,0,0,0,0,0
1121287,1178,144571,30-34,M,66,69,69,344618,51,89.76000047,3,1,0.014798995,1.760000009,0.26046231,89.76000047,1.960784314,11.40819906
1121289,1178,144572,35-39,M,10,14,13,98066,9,16.1500001,1,0,0.009177493,1.794444456,0.164685009,0,0,-100
1121290,1178,144572,35-39,M,10,13,12,770749,100,189.1299984,13,3,0.012974392,1.891299984,0.245384682,63.0433328,3,58.62105564
1121291,1178,144572,35-39,M,10,16,14,52553,5,8.529999852,1,0,0.009514205,1.70599997,0.162312329,0,0,-100
1121292,1178,144572,35-39,M,10,15,16,362296,39,67.77000129,7,3,0.010764679,1.737692341,0.187056996,22.59000043,7.692307692,342.673741
1121293,1178,144572,35-39,M,10,16,13,427729,50,96.8999989,4,1,0.011689645,1.937999978,0.22654531,96.8999989,2,3.199175578
1121296,1178,144573,35-39,M,15,17,19,180351,21,37.13000011,1,1,0.011643961,1.768095243,0.20587632,37.13000011,4.761904762,169.323996
1121297,1178,144573,35-39,M,15,16,16,187329,29,53.15999961,2,1,0.015480785,1.833103435,0.283778804,53.15999961,3.448275862,88.11136331
1121300,1178,144573,35-39,M,15,16,17,782894,118,192.9299995,5,2,0.015072283,1.634999996,0.246431828,96.46499975,1.694915254,3.664541812
1121302,1178,144574,35-39,M,16,17,22,1206533,128,236.1199988,17,6,0.01060891,1.844687491,0.195701236,39.35333313,4.6875,154.1080819
1121303,1178,144574,35-39,M,16,19,21,84494,7,12.57000017,2,0,0.008284612,1.79571431,0.148767962,0,0,-100
1121304,1178,144574,35-39,M,16,17,20,94257,7,12.5800004,1,1,0.007426504,1.797142914,0.133464893,12.5800004,14.28571429,694.9125343
1121309,1178,144575,35-39,M,18,24,20,131060,16,28.04999959,2,1,0.012208149,1.753124974,0.214024108,28.04999959,6.25,256.5062441
1121310,1178,144575,35-39,M,18,21,19,341603,50,83.48000121,4,2,0.014636874,1.669600024,0.244377248,41.74000061,4,139.5783386
1121311,1178,144575,35-39,M,18,20,24,140749,19,30.4799999,1,1,0.013499208,1.604210521,0.216555712,30.4799999,5.263157895,228.0839906
1121312,1178,144575,35-39,M,18,19,21,102525,13,20.29999983,2,1,0.012679834,1.561538448,0.198000486,20.29999983,7.692307692,392.6108416
1121316,1178,144576,35-39,M,19,23,23,447952,68,131.5799983,8,1,0.015180198,1.934999975,0.293736825,131.5799983,1.470588235,-24.00060701
1121317,1178,144576,35-39,M,19,25,23,76355,9,14.62999988,2,0,0.011787047,1.625555542,0.191605001,0,0,-100
1121319,1178,144577,35-39,M,20,26,26,256598,38,64.46999931,6,1,0.014809157,1.696578929,0.251249033,64.46999931,2.631578947,55.11090596
1121321,1178,144577,35-39,M,20,21,21,127476,21,30.15000057,3,2,0.016473689,1.435714313,0.236515113,15.07500029,9.523809524,563.3499045
1121322,1178,144577,35-39,M,20,22,24,237603,37,62.25000024,5,2,0.015572194,1.682432439,0.261991643,31.12500012,5.405405405,221.2851393
1121327,1178,144578,35-39,M,21,22,22,271091,42,78.03999984,3,1,0.015492953,1.858095234,0.287873813,78.03999984,2.380952381,28.13941595
1121330,1178,144578,35-39,M,21,23,22,21743,2,3.400000095,1,0,0.009198363,1.700000048,0.15637217,0,0,-100
1121333,1178,144579,35-39,M,22,25,25,88970,10,14.8300004,2,0,0.011239744,1.48300004,0.166685404,0,0,-100
1121334,1178,144579,35-39,M,22,24,26,108362,13,22.42999983,1,1,0.011996825,1.725384602,0.206991379,22.42999983,7.692307692,345.8314791
1121335,1178,144579,35-39,M,22,25,23,188596,27,44.14000034,3,0,0.014316316,1.634814827,0.234045263,0,0,-100
1121336,1178,144579,35-39,M,22,24,24,275080,43,69.65999997,4,3,0.015631816,1.619999999,0.253235422,23.21999999,6.976744186,330.6632215
1121337,1178,144580,35-39,M,23,28,28,64647,10,16.26999998,1,0,0.015468622,1.626999998,0.251674478,0,0,-100
1121338,1178,144580,35-39,M,23,27,24,31265,4,5.789999902,1,0,0.012793859,1.447499976,0.185191105,0,0,-100
1121340,1178,144580,35-39,M,23,27,28,140147,24,42.08000016,2,0,0.017124876,1.75333334,0.300256161,0,0,-100
1121341,1178,144580,35-39,M,23,26,27,223120,40,67.66999984,1,0,0.017927573,1.691749996,0.303289709,0,0,-100
1121342,1178,144580,35-39,M,23,29,27,104869,18,34.07000089,1,0,0.017164272,1.892777827,0.324881527,0,0,-100
1121344,1178,144581,35-39,M,24,27,27,165177,23,41.71999967,4,1,0.013924457,1.813913029,0.252577536,41.71999967,4.347826087,139.6931946
1121345,1178,144581,35-39,M,24,29,29,84194,11,19.56999981,1,0,0.013065064,1.779090892,0.232439364,0,0,-100
1121347,1178,144581,35-39,M,24,25,28,220581,31,57.37,1,1,0.014053794,1.850645161,0.260085864,57.37,3.225806452,74.30712916
1121350,1178,144582,35-39,M,25,27,31,75804,10,17.36999965,2,1,0.013191916,1.736999965,0.229143576,17.36999965,10,475.7052505
1121352,1178,144582,35-39,M,25,30,29,368986,59,100.289999,0,0,0.015989767,1.699830492,0.271798927,0,0,-100
1121353,1178,144582,35-39,M,25,30,27,28194,3,3.709999919,2,0,0.010640562,1.23666664,0.131588278,0,0,-100
1121355,1178,144583,35-39,M,26,29,27,99961,14,23.2099998,1,0,0.014005462,1.657857129,0.232190552,0,0,-100
1121359,1178,144583,35-39,M,26,28,27,7573,0,0,1,0,0,0,0,0,0,0
1121361,1178,144584,35-39,M,27,28,33,685781,103,177.8899992,10,1,0.015019372,1.727087371,0.259397678,177.8899992,0.970873786,-43.78548516
1121364,1178,144584,35-39,M,27,30,28,274222,43,66.7700001,2,1,0.015680726,1.5527907,0.243488852,66.7700001,2.325581395,49.76785959
1121365,1178,144584,35-39,M,27,33,31,110503,25,32.67999995,4,0,0.02262382,1.307199998,0.295738577,0,0,-100
1121367,1178,144585,35-39,M,28,31,29,1447755,233,420.5799983,11,8,0.016093883,1.80506437,0.290504953,52.57249979,3.433476395,90.21351544
1121368,1178,144585,35-39,M,28,33,31,358987,52,87.55000067,1,0,0.014485204,1.683653859,0.243880699,0,0,-100
1121369,1178,144585,35-39,M,28,33,31,826205,125,232.3700008,5,1,0.015129417,1.858960006,0.281249812,232.3700008,0.8,-56.96518498
1121370,1178,144585,35-39,M,28,33,32,550954,84,150.1400012,3,0,0.015246282,1.787380967,0.272509141,0,0,-100
1121372,1178,144585,35-39,M,28,34,34,378350,55,96.48000073,4,0,0.014536805,1.754181831,0.255001984,0,0,-100
1121373,1178,144586,35-39,M,29,32,33,492784,56,95.5100013,7,4,0.011364005,1.705535738,0.193817172,23.87750033,7.142857143,318.804308
1121374,1178,144586,35-39,M,29,34,35,327158,43,72.3100003,6,2,0.013143496,1.681627914,0.221024705,36.15500015,4.651162791,176.5869163
1121375,1178,144586,35-39,M,29,31,35,9921,0,0,1,0,0,0,0,0,0,0
1121377,1178,144586,35-39,M,29,34,30,59390,5,9.209999919,5,3,0.008418926,1.841999984,0.155076611,3.069999973,60,3157.329019
1121378,1178,144586,35-39,M,29,33,33,1040330,147,254.2500038,13,2,0.014130132,1.729591863,0.24439361,127.1250019,1.360544218,-21.33726765
1121379,1178,144587,35-39,M,30,31,35,49422,6,11.17000031,1,0,0.012140342,1.861666718,0.226012713,0,0,-100
1121380,1178,144587,35-39,M,30,35,32,131091,18,34.23000026,3,1,0.01373092,1.901666681,0.261116326,34.23000026,5.555555556,192.1413942
1121381,1178,144587,35-39,M,30,31,36,95691,15,25.26000011,1,1,0.015675455,1.684000007,0.26397467,25.26000011,6.666666667,295.882817
1121390,1178,144588,35-39,M,31,32,36,15513,1,1.289999962,1,0,0.006446206,1.289999962,0.08315606,0,0,-100
1121391,1178,144589,35-39,M,32,33,33,382537,63,113.9900012,4,3,0.016468995,1.809365098,0.29798425,37.99666707,4.761904762,163.180978
1121394,1178,144589,35-39,M,32,37,33,461356,64,121.0999982,6,3,0.013872151,1.892187472,0.262487099,40.36666607,4.6875,147.7291531
1121395,1178,144589,35-39,M,32,38,34,392541,53,98.70000017,3,2,0.013501774,1.862264154,0.251438704,49.35000009,3.773584906,102.6342448
1121398,1178,144590,35-39,M,36,39,38,35088,5,8.800000072,1,1,0.014249886,1.760000014,0.250797996,8.800000072,20,1036.363627
1121400,1178,144590,35-39,M,36,38,41,53933,6,9.929999948,3,1,0.011124914,1.654999991,0.18411733,9.929999948,16.66666667,907.0493507
1121403,1178,144591,35-39,M,63,65,68,228861,33,53.38999939,4,2,0.014419233,1.617878769,0.233285704,26.6949997,6.060606061,274.6019897
1121405,1178,144591,35-39,M,63,66,69,20959,2,3.769999981,1,1,0.00954244,1.884999991,0.179874993,3.769999981,50,2552.519907
1121410,1178,144592,35-39,M,64,68,70,24992,2,3.190000057,1,0,0.008002561,1.595000029,0.127640847,0,0,-100
1121411,1178,144592,35-39,M,64,70,65,100351,15,24.17999995,2,1,0.014947534,1.611999997,0.24095425,24.17999995,6.666666667,313.5649305
1121412,1178,144592,35-39,M,64,68,70,292448,43,76.89999968,2,1,0.014703469,1.788372086,0.262952729,76.89999968,2.325581395,30.03901224
1121413,1178,144592,35-39,M,64,67,69,65060,7,14.5200001,1,1,0.010759299,2.074285729,0.223178606,14.5200001,14.28571429,588.7052294
1121414,1178,144592,35-39,M,64,70,66,133316,21,36.17000055,2,0,0.015752048,1.722380979,0.271310274,0,0,-100
1121415,1178,144593,35-39,M,65,66,71,113501,26,38.44000077,5,4,0.022907287,1.478461568,0.338675437,9.610000193,15.38461538,940.5827055
1121418,1178,144593,35-39,M,65,71,70,192810,41,61.92999995,4,3,0.021264457,1.510487804,0.321197033,20.64333332,7.317073171,384.4178916
1121421,1178,144594,35-39,M,2,8,6,233404,43,70.4100008,2,1,0.018422992,1.637441879,0.301665785,70.4100008,2.325581395,42.02527889
1121422,1178,144594,35-39,M,2,7,7,128843,24,37.5999999,2,0,0.018627322,1.566666663,0.291828038,0,0,-100
1121423,1178,144594,35-39,M,2,5,7,63564,12,20.59000027,2,0,0.018878611,1.715833356,0.323925497,0,0,-100
1121425,1178,144594,35-39,M,2,8,7,85970,14,24.78000021,1,1,0.01628475,1.770000015,0.288240086,24.78000021,7.142857143,303.5512476
1121428,1178,144595,35-39,M,7,9,13,131232,16,29.53999937,1,1,0.012192148,1.846249961,0.225097532,29.53999937,6.25,238.5240424
1121429,1178,144595,35-39,M,7,13,9,152454,22,37.84999979,1,1,0.014430582,1.720454536,0.248271608,37.84999979,4.545454545,164.2007941
1121430,1178,144595,35-39,M,7,10,9,28989,2,2.290000021,1,0,0.006899169,1.145000011,0.078995482,0,0,-100
1121433,1178,144596,35-39,M,66,69,72,80248,15,24.1900003,1,1,0.018692055,1.612666687,0.301440538,24.1900003,6.666666667,313.3939593
1121437,1178,144596,35-39,M,66,68,68,38580,5,8.519999981,1,0,0.012960083,1.703999996,0.220839813,0,0,-100
1121439,1178,144597,40-44,M,10,11,15,621591,91,163.36,5,1,0.014639852,1.795164835,0.262809468,163.36,1.098901099,-38.78550441
1121440,1178,144597,40-44,M,10,15,11,250499,36,58.14000005,3,1,0.014371315,1.615000001,0.232096735,58.14000005,2.777777778,71.99862386
1121442,1178,144597,40-44,M,10,15,14,131637,18,29.30999982,2,1,0.013673967,1.628333323,0.222657762,29.30999982,5.555555556,241.1804866
1121443,1178,144597,40-44,M,10,12,15,463813,69,116.3399996,4,2,0.014876685,1.686086951,0.250833848,58.1699998,2.898550725,71.90991979
1121444,1178,144597,40-44,M,10,13,12,211767,35,60.89999914,5,1,0.016527599,1.739999975,0.287580214,60.89999914,2.857142857,64.2036148
1121446,1178,144598,40-44,M,15,17,17,163181,26,40.02000093,1,1,0.015933228,1.539230805,0.245249146,40.02000093,3.846153846,149.8750567
1121451,1178,144599,40-44,M,16,20,18,1117385,147,260.0699984,11,2,0.013155716,1.769183663,0.232748783,130.0349992,1.360544218,-23.09762709
1121452,1178,144599,40-44,M,16,21,22,1663441,205,359.4700001,17,6,0.012323852,1.753512196,0.21610024,59.91166668,2.926829268,66.91239876
1121453,1178,144599,40-44,M,16,18,17,455248,54,105.7099996,5,2,0.011861667,1.957592585,0.232203106,52.8549998,3.703703704,89.19686005
1121454,1178,144599,40-44,M,16,22,20,75589,6,10.66000009,1,1,0.007937663,1.776666682,0.141025812,10.66000009,16.66666667,838.086296
1121455,1178,144599,40-44,M,16,21,22,594267,82,143.3000009,3,2,0.013798511,1.747560987,0.241137403,71.65000045,2.43902439,39.56734037
1121456,1178,144599,40-44,M,16,22,22,315281,35,65.02999854,1,0,0.011101208,1.857999958,0.206260442,0,0,-100
1121464,1178,144601,40-44,M,19,23,25,363456,71,117.5599997,7,1,0.019534689,1.655774644,0.323450431,117.5599997,1.408450704,-14.9370532
1121466,1178,144601,40-44,M,19,23,25,438983,81,143.4300001,3,1,0.01845174,1.770740742,0.326732471,143.4300001,1.234567901,-30.27957894
1121467,1178,144601,40-44,M,19,20,24,42563,5,9.659999847,1,1,0.011747292,1.931999969,0.226957683,9.659999847,20,935.1967038
1121469,1178,144602,40-44,M,20,26,21,399035,75,124.7999995,7,3,0.018795344,1.663999993,0.312754519,41.59999983,4,140.3846163
1121471,1178,144602,40-44,M,20,21,26,304680,59,98.55000019,3,0,0.019364579,1.670338986,0.323454116,0,0,-100
1121472,1178,144602,40-44,M,20,21,25,140596,23,40.77000022,1,0,0.016358929,1.772608705,0.289979802,0,0,-100
1121473,1178,144602,40-44,M,20,25,22,439986,80,134.8799999,4,3,0.018182397,1.685999999,0.306555208,44.95999997,3.75,122.419929
1121474,1178,144602,40-44,M,20,26,26,75803,11,19.3599999,2,2,0.014511299,1.759999991,0.255398862,9.67999995,18.18181818,933.0578566
1121477,1178,144603,40-44,M,21,27,22,7073,0,0,1,0,0,0,0,0,0,0
1121481,1178,144604,40-44,M,22,27,25,153586,28,43.01000035,2,0,0.018230828,1.536071441,0.280038547,0,0,-100
1121482,1178,144604,40-44,M,22,24,24,180815,31,42.62999976,1,0,0.017144595,1.375161283,0.235765837,0,0,-100
1121483,1178,144604,40-44,M,22,26,23,253169,51,75.78999984,1,0,0.020144646,1.486078428,0.299365246,0,0,-100
1121484,1178,144604,40-44,M,22,28,27,34453,5,7.710000038,1,1,0.014512524,1.542000008,0.223783126,7.710000038,20,1197.016855
1121487,1178,144605,40-44,M,23,25,26,51550,8,14.03999984,1,0,0.015518914,1.75499998,0.272356932,0,0,-100
1121489,1178,144605,40-44,M,23,28,24,110018,24,39.85999966,1,0,0.021814612,1.660833319,0.362304347,0,0,-100
1121493,1178,144606,40-44,M,24,28,30,137584,21,36.77999961,1,0,0.015263403,1.751428553,0.267327593,0,0,-100
1121497,1178,144606,40-44,M,24,25,27,209825,30,54.86999953,1,0,0.014297629,1.828999984,0.261503632,0,0,-100
1121499,1178,144607,40-44,M,25,27,31,264222,63,87.7899996,1,1,0.023843586,1.393492057,0.332258478,87.7899996,1.587301587,13.90819052
1121510,1178,144608,40-44,M,26,30,31,31202,5,6.730000019,1,0,0.016024614,1.346000004,0.215691302,0,0,-100
1121511,1178,144609,40-44,M,27,29,32,252991,49,76.83999932,3,0,0.019368278,1.568163251,0.303726217,0,0,-100
1121514,1178,144609,40-44,M,27,31,30,56265,9,15.53999972,1,0,0.015995734,1.726666636,0.27619301,0,0,-100
1121523,1178,144611,40-44,M,29,32,34,76923,11,17.67000008,2,2,0.014300014,1.606363644,0.229710231,8.83500004,18.18181818,1031.861908
1121524,1178,144611,40-44,M,29,30,35,209332,30,49.60000014,3,1,0.014331301,1.653333338,0.236944185,49.60000014,3.333333333,101.6129027
1121525,1178,144611,40-44,M,29,32,33,214094,31,53.26999903,1,0,0.014479621,1.718387065,0.248815936,0,0,-100
1121526,1178,144611,40-44,M,29,35,32,526209,85,126.9299996,3,2,0.016153278,1.493294113,0.241215942,63.4649998,2.352941176,57.5671635
1121527,1178,144611,40-44,M,29,35,35,741143,120,179.620001,4,1,0.016191207,1.496833342,0.24235539,179.620001,0.833333333,-44.32691268
1121528,1178,144611,40-44,M,29,33,31,172827,25,38.42000043,2,0,0.014465332,1.536800017,0.222303231,0,0,-100
1121530,1178,144612,40-44,M,30,36,33,188873,38,58.5999999,1,1,0.020119339,1.542105261,0.310261392,58.5999999,2.631578947,70.64846446
1121532,1178,144612,40-44,M,30,35,32,123126,25,39.72999978,2,1,0.020304404,1.589199991,0.322677581,39.72999978,4,151.6989694
1121535,1178,144613,40-44,M,31,33,32,77794,14,19.11000001,1,1,0.017996246,1.365000001,0.245648765,19.11000001,7.142857143,423.2862373
1121541,1178,144614,40-44,M,32,33,37,56630,9,15.81000018,1,1,0.015892636,1.756666687,0.279180649,15.81000018,11.11111111,532.5110617
1121544,1178,144614,40-44,M,32,33,36,400844,85,140.9700022,4,2,0.021205257,1.658470614,0.351682954,70.4850011,2.352941176,41.87415541
1121545,1178,144614,40-44,M,32,33,35,208572,36,60.76000023,2,1,0.017260227,1.687777784,0.291314271,60.76000023,2.777777778,64.58196119
1121548,1178,144615,40-44,M,36,38,37,59004,8,13.51000011,1,0,0.013558403,1.688750014,0.228967529,0,0,-100
1121551,1178,144615,40-44,M,36,40,39,196253,32,55.10000002,1,0,0.016305483,1.721875001,0.280760039,0,0,-100
1121554,1178,144616,40-44,M,63,64,66,51858,8,12.63000011,1,1,0.015426742,1.578750014,0.243549696,12.63000011,12.5,691.7656305
1121557,1178,144616,40-44,M,63,68,64,280764,49,81.36000025,2,1,0.01745238,1.660408168,0.289780742,81.36000025,2.040816327,22.91052076
1121561,1178,144617,40-44,M,64,69,70,63660,11,16.47000003,1,1,0.017279296,1.49727273,0.258718191,16.47000003,9.090909091,507.1645405
1121562,1178,144617,40-44,M,64,65,67,109289,19,31.02999997,1,0,0.017385098,1.633157893,0.283926104,0,0,-100
1121568,1178,144618,40-44,M,65,70,70,188440,40,60.72999966,2,1,0.021226916,1.518249992,0.322277646,60.72999966,2.5,64.66326455
1121571,1178,144619,40-44,M,2,3,5,212496,44,74.83000135,2,1,0.020706272,1.700681849,0.352147811,74.83000135,2.272727273,33.63623974
1121572,1178,144619,40-44,M,2,6,3,32574,5,7.480000019,1,0,0.015349665,1.496000004,0.229630995,0,0,-100
1121575,1178,144619,40-44,M,2,4,5,128595,23,36.4800005,1,1,0.01788561,1.586086978,0.283681329,36.4800005,4.347826087,174.1228033
1121577,1178,144620,40-44,M,7,9,11,242234,48,68.06000054,2,0,0.01981555,1.417916678,0.280967992,0,0,-100
1121584,1178,144621,40-44,M,66,67,67,33154,5,7.879999995,1,1,0.015081137,1.575999999,0.237678711,7.879999995,20,1169.035534
1121585,1178,144621,40-44,M,66,72,68,9773,1,1.460000038,1,0,0.010232273,1.460000038,0.149391184,0,0,-100
1121589,1178,144622,45-49,M,10,16,11,464036,77,123.5500004,3,1,0.01659354,1.60454546,0.266250895,123.5500004,1.298701299,-19.06110912
1121590,1178,144622,45-49,M,10,16,15,478480,75,135.7500012,3,1,0.015674636,1.810000016,0.28371092,135.7500012,1.333333333,-26.33517561
1121592,1178,144622,45-49,M,10,14,11,428812,66,116.8800001,4,2,0.01539136,1.770909092,0.272566999,58.44000005,3.03030303,71.11567405
1121593,1178,144622,45-49,M,10,16,16,1177535,221,365.6600009,15,3,0.01876802,1.65457014,0.310530049,121.886667,1.357466063,-17.95657188
